n_overlaps,origins,ci_id_1,ci_id_2,ci_id_3,ci_id_4,ci_id_5,area_ha,rest_area,population,tstor_woody,tstor_soil,tstor_total,carbon_seq_potl
2,,FJI1044,FJI1053,NA,NA,NA,0.5756768189120106,0.5756768189120106,0.13112513720989227,42.087196350097656,49.464141845703125,91.55133819580078,7.392243699382055
2,,FJI1026,FJI1064,NA,NA,NA,8.775193253134145,8.775193253134145,3.4750726222991943,1664.307861328125,980.341552734375,2644.6494140625,112.74612831282175
2,,FJI1029,FJI1065,NA,NA,NA,1.8581990971852094,1.8581990971852094,0.22697602212429047,317.42120361328125,208.63763427734375,526.058837890625,23.875248809266303
2,,FJI1059,FJI1069,NA,NA,NA,5.891357615532435,5.891357615532435,1.3206560611724854,552.1043701171875,513.3905029296875,1065.494873046875,75.65103220711173
2,,FJI1044,FJI1071,NA,NA,NA,1.6294818117361516,1.6294818117361516,0.18585553765296936,204.49130249023437,149.47193908691406,353.96324157714844,20.92482324556567
2,,FJI1005,FJI1072,NA,NA,NA,0.2876334681105451,0.2876334681105451,0.10668909549713135,44.046077728271484,26.088380813598633,70.13445854187012,3.6930808729910427
3,,FJI1003,FJI1005,FJI1072,NA,NA,0.8870658786872867,0.8870658786872867,0.3123902976512909,130.1192626953125,80.83361053466797,210.95287322998047,11.390271562943713
2,,FJI1003,FJI1072,NA,NA,NA,5.75356908042673,5.75356908042673,1.9392040967941284,685.67498779296875,521.52459716796875,1207.1995849609375,73.87067257344927
2,,BRA1016,BRA1019,NA,NA,NA,39563.369579476814,0,34.2758674621582,19718250,2389164.5,22107414.5,Inf
2,,BRA1017,BRA1025,NA,NA,NA,7.42355614464879,0,0.013248199597001076,2767.628662109375,406.8041076660156,3174.4327697753906,Inf
2,,BRA1025,BRA1027,NA,NA,NA,35600.9199720243,0,93.3447036743164,15422119,2190209.75,17612328.75,Inf
2,,BRA1001,BRA1028,NA,NA,NA,1.1576655773847817,0,7.187460869317874e-5,519.0213623046875,113.74594116210937,632.7673034667969,Inf
2,,BRA1026,BRA1031,NA,NA,NA,18.84177096237811,0,0.052398085594177246,6554.7470703125,1584.33251953125,8139.07958984375,Inf
2,,BRA1020,BRA1032,NA,NA,NA,30.06629518783168,0,0.2362837940454483,12494.1748046875,1800.55859375,14294.7333984375,Inf
2,,BRA1005,BRA1042,NA,NA,NA,9916.772624935216,0,60.12750244140625,2194373.5,895325.5,3089699,Inf
2,,BRA1011,BRA1044,NA,NA,NA,340.23098022999864,0,34.85531234741211,90409.8359375,27712.341796875,118122.177734375,Inf
2,,BRA1060,BRA1061,NA,NA,NA,19.26248751272168,0,37.75142288208008,1718.58056640625,2205.460693359375,3924.041259765625,Inf
2,,BRA1030,BRA1067,NA,NA,NA,97.52621056424992,0,0.001573115703649819,38981.390625,5360.59716796875,44341.98779296875,Inf
2,,BRA1039,BRA1068,NA,NA,NA,302.0259985254503,0,6.568278789520264,78786.1640625,25351.845703125,104138.009765625,Inf
2,,BRA1068,BRA1069,NA,NA,NA,604.003876271321,0,0.004577058833092451,202627.390625,36924.9765625,239552.3671875,Inf
2,,BRA1018,BRA1070,NA,NA,NA,3.7567415781654416,0,0.026160327717661858,258.8642578125,226.04148864746094,484.90574645996094,Inf
2,,BRA1069,BRA1070,NA,NA,NA,5.974878532951384,0,9.883177699521184e-4,1334.519287109375,372.7043151855469,1707.2236022949219,Inf
2,,BRA1071,BRA1073,NA,NA,NA,36842.241397031554,0,0.5753996968269348,17304686,2399786.25,19704472.25,Inf
2,,ECU1001,ECU1002,NA,NA,NA,2.3549668496110376,0,0.10078036785125732,21.618541717529297,277.4259338378906,299.0444755554199,Inf
2,,ECU1005,ECU1024,NA,NA,NA,625.7194568208613,0,1169.5272216796875,74939.6328125,81406.890625,156346.5234375,Inf
2,,ECU1015,ECU1024,NA,NA,NA,1139.7806702845776,0,119.55787658691406,112080.3203125,170068.109375,282148.4296875,Inf
2,,ECU1021,ECU1024,NA,NA,NA,2190.8063512847475,0,4201.6826171875,297905.84375,383115.34375,681021.1875,Inf
2,,ECU1022,ECU1024,NA,NA,NA,708.4743856740802,0,358.8471984863281,56342.33984375,153286.6875,209629.02734375,Inf
2,,ECU1024,ECU1025,NA,NA,NA,2.0352222776469238,0,0.07788901031017303,127.00919342041016,246.04969787597656,373.0588912963867,Inf
2,,ECU1007,ECU1025,NA,NA,NA,27.83097667909882,0,13.200931549072266,641.73046875,1137.7685546875,1779.4990234375,Inf
2,,ECU1022,ECU1025,NA,NA,NA,508.71404717434456,0,86.4327621459961,31585.212890625,88343.3203125,119928.533203125,Inf
2,,LBR1002,LBR1003,NA,NA,NA,5140.519523688784,0,3202.921875,887804.8125,483793.53125,1371598.34375,Inf
2,,LBR1013,LBR1014,NA,NA,NA,7.41920980837243,0,2.2397077083587646,542.1357421875,445.0710754394531,987.2068176269531,Inf
2,,LBR1013,LBR1016,NA,NA,NA,92.58104119176716,0,41.39181137084961,13380.8876953125,7057.03466796875,20437.92236328125,Inf
2,,LBR1014,LBR1017,NA,NA,NA,6002.117918034123,0,848.17431640625,982172.25,399024.625,1381196.875,Inf
2,,MDG1013,MDG1014,NA,NA,NA,131.59431504132954,0,61.83821105957031,22792.673828125,14069.353515625,36862.02734375,Inf
2,,MDG1013,MDG1015,NA,NA,NA,539.1312287811746,0,256.64068603515625,128575.5703125,62586.60546875,191162.17578125,Inf
2,,MDG1013,MDG1016,NA,NA,NA,1203.794009456648,0,327.5050354003906,280893.09375,125655.859375,406548.953125,Inf
2,,MDG1013,MDG1017,NA,NA,NA,2462.1811565887956,0,634.15203857421875,612599.125,273990.90625,886590.03125,Inf
2,,MDG1013,MDG1018,NA,NA,NA,2476.9258380781544,0,594.41461181640625,502418.9375,279921.09375,782340.03125,Inf
3,,MDG1013,MDG1015,MDG1018,NA,NA,3.8751463519005105,0,1.6679561138153076,999.4356689453125,438.1495666503906,1437.5852355957031,Inf
2,,MDG1013,MDG1019,NA,NA,NA,1209.985051416993,0,635.61993408203125,278882.5,137923.734375,416806.234375,Inf
2,,MDG1013,MDG1020,NA,NA,NA,646.5884009036915,0,237.77101135253906,165889.59375,81020.15625,246909.75,Inf
2,,MDG1013,MDG1021,NA,NA,NA,1063.4978213981087,0,429.8055419921875,274216.8125,118882.015625,393098.828125,Inf
2,,MDG1013,MDG1022,NA,NA,NA,1331.2046944764277,0,544.00927734375,289899.875,157316.453125,447216.328125,Inf
2,,MDG1013,MDG1023,NA,NA,NA,999.1149382595738,0,235.95303344726562,265023.15625,125936.40625,390959.5625,Inf
2,,MDG1013,MDG1024,NA,NA,NA,1090.3760228298695,0,306.3196105957031,286451.5,141847.09375,428298.59375,Inf
2,,MDG1013,MDG1025,NA,NA,NA,1385.2140575956623,0,363.0390930175781,343597.125,170928.625,514525.75,Inf
2,,MDG1013,MDG1026,NA,NA,NA,554.1501139457645,0,202.31903076171875,138551.515625,69412.359375,207963.875,Inf
2,,MDG1013,MDG1027,NA,NA,NA,4019.51501800927,0,2072.771728515625,1059613,472939.59375,1532552.59375,Inf
2,,MDG1013,MDG1028,NA,NA,NA,212.19319269662807,0,60.80756378173828,51539.421875,25361.66015625,76901.08203125,Inf
2,,MDG1013,MDG1029,NA,NA,NA,5499.788041820294,0,907.11224365234375,1532671.375,750357.375,2283028.75,Inf
2,,MDG1013,MDG1030,NA,NA,NA,652.0788796289393,0,137.7383575439453,141991.140625,83413.1484375,225404.2890625,Inf
2,,MDG1013,MDG1031,NA,NA,NA,8850.442820722812,0,4335.32177734375,2074599.25,1034894,3109493.25,Inf
2,,MDG1013,MDG1032,NA,NA,NA,1686.9494461601685,0,659.86712646484375,455613.65625,206386.203125,661999.859375,Inf
2,,MDG1013,MDG1033,NA,NA,NA,406.0909730057596,0,189.59085083007812,83197.0625,42748.5625,125945.625,Inf
2,,MDG1013,MDG1034,NA,NA,NA,5347.162266620057,0,1065.030029296875,1096204.75,599263.6875,1695468.4375,Inf
3,,MDG1013,MDG1018,MDG1034,NA,NA,0.7801302034982014,0,0.13395541906356812,140.3828582763672,86.22759246826172,226.6104507446289,Inf
2,,MDG1013,MDG1035,NA,NA,NA,1493.6969659740917,0,355.5294494628906,368189.78125,157778.78125,525968.5625,Inf
3,,MDG1013,MDG1034,MDG1035,NA,NA,2.3292370521475956,0,0.5417279601097107,545.96453857421875,247.00148010253906,792.9660186767578,Inf
2,,MDG1013,MDG1036,NA,NA,NA,708.2209895686291,0,318.98162841796875,201655.421875,86196.9921875,287852.4140625,Inf
2,,MDG1013,MDG1037,NA,NA,NA,694.0886387523407,0,395.9773254394531,184895.0625,77972.4921875,262867.5546875,Inf
2,,MDG1013,MDG1038,NA,NA,NA,313.33165768003647,0,174.4215545654297,80479.65625,33822.0078125,114301.6640625,Inf
2,,MDG1013,MDG1039,NA,NA,NA,3008.8634887434764,0,2016.35888671875,677574.125,370006.09375,1047580.21875,Inf
2,,MDG1013,MDG1040,NA,NA,NA,798.5760063778127,0,428.4451599121094,209264.4375,89300.0390625,298564.4765625,Inf
2,,MDG1013,MDG1041,NA,NA,NA,440.34038049534166,0,251.1262664794922,114605.8359375,50315.20703125,164921.04296875,Inf
2,,MDG1013,MDG1042,NA,NA,NA,10259.15200635957,0,1991.7523193359375,2823046.5,1275129.75,4098176.25,Inf
3,,MDG1013,MDG1030,MDG1043,NA,NA,2.4004625257387757,0,0.293138712644577,683.643310546875,330.9341125488281,1014.5774230957031,Inf
3,,MDG1013,MDG1029,MDG1043,NA,NA,2.9305011786341666,0,0.5006498694419861,867.439697265625,414.4056091308594,1281.8453063964844,Inf
2,,MDG1013,MDG1043,NA,NA,NA,3489.6402978226574,0,654.2366943359375,829952,437992.09375,1267944.09375,Inf
2,,MDG1013,MDG1044,NA,NA,NA,2572.94339190901,0,703.43408203125,551646.5625,322831.53125,874478.09375,Inf
2,,MDG1013,MDG1045,NA,NA,NA,1258.495369508468,0,291.7215576171875,286276.40625,155979.625,442256.03125,Inf
2,,MDG1013,MDG1046,NA,NA,NA,401.4931796856438,0,132.1947479248047,71196.96875,47430.06640625,118627.03515625,Inf
2,,MDG1013,MDG1047,NA,NA,NA,2457.3367361056858,0,324.49371337890625,599730.5625,298393.75,898124.3125,Inf
2,,MDG1012,MDG1049,NA,NA,NA,347.3742828807701,0,18.776187896728516,76093.15625,35746.05078125,111839.20703125,Inf
2,,MDG1012,MDG1051,NA,NA,NA,248.6547005815813,0,41.242820739746094,70018.3828125,33168.17578125,103186.55859375,Inf
2,,MDG1012,MDG1052,NA,NA,NA,76.85044454090269,0,13.797371864318848,19203.572265625,7533.81982421875,26737.39208984375,Inf
2,,MDG1012,MDG1053,NA,NA,NA,416.00882849711627,0,118.5967025756836,105582.84375,50257.85546875,155840.69921875,Inf
2,,MDG1012,MDG1054,NA,NA,NA,349.500249206426,0,43.1469841003418,88202.5625,38868.56640625,127071.12890625,Inf
2,,MDG1012,MDG1055,NA,NA,NA,2726.8825084804466,0,337.4899597167969,593709.8125,320671.03125,914380.84375,Inf
2,,MDG1012,MDG1057,NA,NA,NA,1606.8876016858717,0,91.66181182861328,407692.375,178121.796875,585814.171875,Inf
2,,MDG1012,MDG1058,NA,NA,NA,5130.407943535187,0,338.42291259765625,1222745.375,522211.75,1744957.125,Inf
2,,MDG1012,MDG1059,NA,NA,NA,2619.366650222855,0,383.4217529296875,492356.46875,291929.5,784285.96875,Inf
2,,MDG1012,MDG1060,NA,NA,NA,5357.16566212105,0,789.20953369140625,1398438.875,675457,2073895.875,Inf
2,,MDG1012,MDG1061,NA,NA,NA,1535.0668728901073,0,201.3498992919922,385343.125,180982.890625,566326.015625,Inf
2,,MDG1012,MDG1062,NA,NA,NA,211.3542127132886,0,33.45261001586914,37798.640625,25585.45703125,63384.09765625,Inf
2,,MDG1012,MDG1063,NA,NA,NA,327.8860327825573,0,39.242095947265625,87274.609375,36485.19140625,123759.80078125,Inf
2,,MDG1012,MDG1064,NA,NA,NA,690.8711060641537,0,52.225406646728516,181559.3125,73343.9609375,254903.2734375,Inf
3,,MDG1012,MDG1064,MDG1065,NA,NA,2.8589779138762736,0,0.21695880591869354,564.15771484375,298.01898193359375,862.17669677734375,Inf
2,,MDG1012,MDG1065,NA,NA,NA,775.7725267437983,0,55.058284759521484,156511.6875,82301.9609375,238813.6484375,Inf
2,,MDG1012,MDG1066,NA,NA,NA,558.1573070904628,0,72.095428466796875,166272.578125,60887.28125,227159.859375,Inf
2,,MDG1012,MDG1067,NA,NA,NA,132.95193425327443,0,19.760591506958008,39246.1953125,14864.435546875,54110.630859375,Inf
3,,MDG1012,MDG1066,MDG1067,NA,NA,0.8633147837441764,0,0.11664620041847229,298.8097229003906,95.13069915771484,393.94042205810547,Inf
2,,MDG1066,MDG1067,NA,NA,NA,0.5768185715933912,0,0.08433907479047775,168.5205078125,62.13731002807617,230.65781784057617,Inf
2,,MDG1012,MDG1068,NA,NA,NA,2259.3780194467467,0,450.5231628417969,464599.78125,270103.125,734702.90625,Inf
2,,MDG1012,MDG1069,NA,NA,NA,1546.9325513019996,0,272.06683349609375,429199.15625,205216.375,634415.53125,Inf
2,,MDG1012,MDG1070,NA,NA,NA,574.9558359467499,0,245.87576293945312,153570.609375,73143.3515625,226713.9609375,Inf
2,,MEX1004,MEX1018,NA,NA,NA,223.62564221454664,0,4.708134174346924,60566.578125,24224.255859375,84790.833984375,Inf
2,,NCL1011,NCL1012,NA,NA,NA,126154927.63051149,0,15.359704971313477,0,138025,138025,Inf
2,,PER1001,PER1004,NA,NA,NA,114.22926113915658,0,16.779251098632813,21376.7578125,12553.044921875,33929.802734375,0
2,,PER1003,PER1005,NA,NA,NA,1.536472811890603,0,0.3211396336555481,334.9155578613281,143.4511260986328,478.36668395996094,0
2,,PER1001,PER1005,NA,NA,NA,64.96749142157763,0,13.406706809997559,10641.908203125,7748.2880859375,18390.1962890625,0
2,,PER1002,PER1005,NA,NA,NA,2.2007406180891196,0,0.226303830742836,154.6829071044922,209.57144165039063,364.2543487548828,0
2,,PER1003,PER1006,NA,NA,NA,1.5364718699220132,0,1.411325216293335,54.39892578125,203.45628356933594,257.85520935058594,0
2,,PER1005,PER1006,NA,NA,NA,3.953025070552479,0,1.2470206022262573,277.8388366699219,542.82275390625,820.6615905761719,Inf
2,,PER1002,PER1006,NA,NA,NA,47.36020862127124,0,12.650979995727539,1712.724609375,6465.32666015625,8178.05126953125,0
3,,PER1001,PER1005,PER1007,NA,NA,1.4109991502530466,0,0.1315668523311615,155.00299072265625,164.56890869140625,319.5718994140625,0
2,,PER1004,PER1007,NA,NA,NA,349.63757517360506,0,29.350692749023438,46318.0546875,38682.3125,85000.3671875,Inf
2,,PER1005,PER1007,NA,NA,NA,5760.6601385154445,0,805.64178466796875,625701.125,672881.6875,1298582.8125,Inf
2,,PER1002,PER1007,NA,NA,NA,16.128320489085045,0,4.606937408447266,1446.3223876953125,1778.76806640625,3225.0904541015625,0
3,,PER1002,PER1005,PER1007,NA,NA,14.913372564069583,0,3.3203582763671875,1331.3778076171875,1775.9251708984375,3107.302978515625,0
2,,PER1005,PER1008,NA,NA,NA,3101.1816768032554,0,742.62115478515625,370349.90625,378028.375,748378.28125,Inf
2,,PER1003,PER1009,NA,NA,NA,242.00428445044128,0,113.61492156982422,41062.296875,27359.716796875,68422.013671875,0
3,,PER1003,PER1005,PER1009,NA,NA,1.5364725364191982,0,0.29936662316322327,345.9118347167969,128.53378295898437,474.44561767578125,0
2,,PER1004,PER1009,NA,NA,NA,2512.4783733781396,0,389.1344909667969,599240.4375,350042.53125,949282.96875,Inf
2,,PHL1025,PHL1037,NA,NA,NA,32.57598114350587,0,29.63462257385254,155.7421112060547,1663.3603515625,1819.1024627685547,Inf
2,,TLS1001,TLS1006,NA,NA,NA,4.923396313044774,4.923396313044774,0.9960994720458984,602.384033203125,555.1439208984375,1157.5279541015625,8.370714366364203
2,,CRI1006,CRI1007,NA,NA,NA,0.5704121953216541,0,0.09148711711168289,19.23896026611328,60.79349899291992,80.0324592590332,Inf
2,,CRI1003,CRI1010,NA,NA,NA,11.657378312622328,0,75.78263854980469,865.95458984375,1288.166015625,2154.12060546875,13.484441322015622
3,,CRI1003,CRI1006,CRI1010,NA,NA,1.8167583994970726,0,9.067903518676758,225.85488891601562,200.68959045410156,426.5444793701172,2.10151014099906
3,,CRI1001,CRI1006,CRI1010,NA,NA,137.4020771932476,0,47.547767639160156,10781.169921875,14310.9599609375,25092.1298828125,158.94079898795061
2,,CRI1002,CRI1010,NA,NA,NA,16.130619232710103,0,20.57653045654297,798.79583740234375,1917.755859375,2716.5516967773437,18.659413993800854
3,,CRI1002,CRI1006,CRI1010,NA,NA,37.24533718425599,0,61.365203857421875,4109.302734375,4354.77734375,8464.080078125,43.08420557454871
3,,CRI1004,CRI1006,CRI1010,NA,NA,20.023162386997424,0,6.121395587921143,2612.387451171875,2008.563232421875,4620.95068359375,23.164377648293524
2,,CRI1004,CRI1010,NA,NA,NA,45.45911430110101,0,13.001893043518066,5007.86962890625,4536.8193359375,9544.68896484375,52.59073846935165
2,,IDN1013,IDN1033,NA,NA,NA,1912.9873926631003,0,14.789443016052246,527632.4375,342372.84375,870005.28125,Inf
2,,IDN1013,IDN1035,NA,NA,NA,207.57413166271223,0,4.704116344451904,37516.40234375,33771.31640625,71287.71875,Inf
2,,IDN1015,IDN1036,NA,NA,NA,34.2594869120008,0,0.9415691494941711,7070.4013671875,5527.55810546875,12597.95947265625,Inf
2,,IDN1014,IDN1036,NA,NA,NA,42.21373035086131,0,0.47306251525878906,8525.0732421875,6048.001953125,14573.0751953125,Inf
2,,IDN1011,IDN1037,NA,NA,NA,730.3682785755014,0,42.76243591308594,129878.8515625,134196.71875,264075.5703125,Inf
2,,IDN1012,IDN1038,NA,NA,NA,4400.533920864655,0,20.746679306030273,70135.5859375,394384.34375,464519.9296875,Inf
2,,IDN1011,IDN1040,NA,NA,NA,404.3662639599322,0,10.325798034667969,75451.7890625,63947.50390625,139399.29296875,Inf
2,,IDN1030,IDN1041,NA,NA,NA,129.22755190112352,0,11.030475616455078,23619.626953125,23889.36328125,47508.990234375,Inf
2,,IDN1028,IDN1041,NA,NA,NA,1.6546377190845554,0,0.0826658383011818,686.25469970703125,313.8004455566406,1000.0551452636719,Inf
2,,IDN1030,IDN1042,NA,NA,NA,44.26890346817256,0,0.4749315679073334,11519.16796875,9980.1357421875,21499.3037109375,Inf
2,,IDN1028,IDN1042,NA,NA,NA,576.8050090860675,0,46.72355651855469,193340.40625,126178.9765625,319519.3828125,Inf
2,,IDN1029,IDN1042,NA,NA,NA,209.81684370816097,0,6.623208522796631,66201.6328125,42662.61328125,108864.24609375,Inf
2,,IDN1022,IDN1045,NA,NA,NA,910.8026483431116,0,11.75521183013916,461556.28125,135496.84375,597053.125,Inf
2,,IDN1041,IDN1046,NA,NA,NA,0.5019150478745269,0,0.00081917038187384605,9.048612594604492,31.86282730102539,40.91143989562988,Inf
2,,IDN1022,IDN1047,NA,NA,NA,40.59291157421286,0,0.5111097693443298,7080.73828125,8123.53955078125,15204.27783203125,Inf
2,,TLS1004,TLS1050,NA,NA,NA,306.6281274665273,306.6281274665273,530.8345947265625,48897.390625,33839.1484375,82736.5390625,446.0159823169747
2,,TLS1003,TLS1050,NA,NA,NA,958.9696809791328,958.9696809791328,393.57806396484375,163807.8125,88902.09375,252709.90625,1394.8688268854976
2,,TLS1002,TLS1050,NA,NA,NA,474.60659754392225,474.60659754392225,194.96653747558594,114761.8515625,41987.97265625,156749.82421875,690.3258600887478
2,,TLS1001,TLS1059,NA,NA,NA,6619.257026222502,6619.257026222502,516.454833984375,1420247.875,710337.0625,2130584.9375,11014.48167004386
2,,TLS1001,TLS1060,NA,NA,NA,4718.155891816505,4718.155891816505,671.92803955078125,1085096.375,477012.125,1562108.5,7851.832820644704
2,,TLS1001,TLS1062,NA,NA,NA,1008.1785198021059,1008.1785198021059,277.624267578125,166042.390625,100203.75,266246.140625,1677.580931650902
2,,TLS1061,TLS1063,NA,NA,NA,0.5447997930328246,0.5447997930328246,0.28078389167785645,41.50577926635742,47.28477096557617,88.7905502319336,0.9066462954042465
2,,IDN1005,IDN1060,NA,NA,NA,1.6174329616141738,0,0.09301698207855225,746.8719482421875,209.76402282714844,956.6359710693359,Inf
2,,IDN1002,IDN1065,NA,NA,NA,315.56070287457175,315.56070287457175,1397.9873046875,58666.90625,40333.9765625,99000.8828125,274.85530935111234
3,,IDN1029,IDN1041,IDN1067,NA,NA,0.9795507508417591,0,0.03382613882422447,220.5248565673828,146.73191833496094,367.25677490234375,Inf
2,,IDN1065,IDN1068,NA,NA,NA,19.87742658610961,19.87742658610961,77.61653900146484,6465.60595703125,3749.619140625,10215.22509765625,17.311078371247717
2,,SUR1002,SUR1003,NA,NA,NA,0.445396344288066,0,0.0011311254929751158,201.5917205810547,22.01807975769043,223.60980033874512,Inf
2,,GUY1007,GUY1023,NA,NA,NA,1.5264369680499268,0,0.04030522704124451,179.47666931152344,124.82141876220703,304.29808807373047,Inf
2,,GUY1020,GUY1024,NA,NA,NA,5.839193160499679,0,0.00731021398678422,1628.5032958984375,352.15386962890625,1980.6571655273437,Inf
2,,BRA1076,BRA1078,NA,NA,NA,44.1124408518434,0,0.3421171009540558,423.4765319824219,2054.884765625,2478.361297607422,Inf
2,,BRA1077,BRA1078,NA,NA,NA,112.57291489709579,0,1.3840043544769287,132.41966247558594,4889.3125,5021.732162475586,Inf
2,,BRA1076,BRA1080,NA,NA,NA,153.05947743494877,0,6.198475360870361,1648.1578369140625,7187.75048828125,8835.9083251953125,Inf
2,,BRA1080,BRA1082,NA,NA,NA,999.0486902635828,0,3.1913466453552246,1.5034915208816528,47718.90234375,47720.40583527088,Inf
2,,BRA1079,BRA1082,NA,NA,NA,9.963727260207763,0,0.548638105392456,9.86418342590332,507.15386962890625,517.0180530548096,0
2,,BRA1078,BRA1082,NA,NA,NA,162069.7762004433,0,489.4777526855469,851139.375,8671373,9522512.375,Inf
3,,BRA1078,BRA1081,BRA1082,NA,NA,35426.15089492043,0,69.86124420166016,441279.3125,1872202.25,2313481.5625,Inf
2,,BRA1081,BRA1082,NA,NA,NA,1110579.313044488,0,27396.3671875,32691412,57907956,90599368,Inf
2,,BRA1080,BRA1083,NA,NA,NA,8476.484144669475,0,6.185697078704834,221484.890625,470933,692417.890625,Inf
2,,BRA1082,BRA1085,NA,NA,NA,40.63377074904298,0,1028.677490234375,449.35540771484375,1533.3223876953125,1982.6777954101562,Inf
2,,BRA1082,BRA1086,NA,NA,NA,41.55552792799175,0,0.9118189215660095,4828.150390625,2339.784912109375,7167.935302734375,Inf
3,,BRA1081,BRA1082,BRA1089,NA,NA,28.773530003343726,0,488.2950744628906,243.18768310546875,1095.8590087890625,1339.0466918945312,Inf
2,,BRA1082,BRA1090,NA,NA,NA,2329.1851576556514,0,12.033413887023926,44466.40234375,111274.78125,155741.18359375,Inf
2,,BRA1028,BRA1091,NA,NA,NA,98127.31743989677,0,37.807430267333984,43472796,6250470.5,49723266.5,Inf
2,,BRA1035,BRA1091,NA,NA,NA,101153.88289581734,0,0.624938428401947,44872812,6289893.5,51162705.5,Inf
2,,BRA1001,BRA1091,NA,NA,NA,377.9831929225145,0,2.3853511810302734,118299.5390625,36484.41015625,154783.94921875,Inf
2,,BRA1026,BRA1091,NA,NA,NA,300791.407076044,0,1.2918987274169922,126977232,22496966,149474198,Inf
3,,NCL1013,NCL1016,NCL1017,NA,NA,8.431484847260512,0,1.5592354536056519,573.9561767578125,1019.9417724609375,1593.89794921875,7.100885165922451
3,,NCL1013,NCL1015,NCL1017,NA,NA,9.408506914845528,0,1.0118725299835205,1320.1575927734375,919.30084228515625,2239.4584350585937,4.6616459801358605
3,,NCL1006,NCL1013,NCL1017,NA,NA,0.5477128497496248,0,2.694488286972046,5.896132946014404,62.35067367553711,68.24680662155151,0.0328646532803631
3,,NCL1013,NCL1014,NCL1017,NA,NA,9.562697403196827,0,202.42364501953125,842.2373046875,1003.8320922851562,1846.0693969726562,Inf
2,,WSM1002,WSM1003,NA,NA,NA,0.8468881944406778,0,0.4699418246746063,0,116.29727172851562,116.29727172851562,Inf
2,,CRI1008,CRI1012,NA,NA,NA,19621.396004556376,0,326.51922607421875,130359.8359375,469352.9375,599712.7734375,Inf
4,,CRI1001,CRI1006,CRI1010,CRI1012,NA,3.4251785829017956,0,1.2917190790176392,196.49612426757812,375.58270263671875,572.0788269042969,3.962096779599409
3,,CRI1001,CRI1010,CRI1012,NA,NA,2.789943519623764,0,0.9374909996986389,170.22459411621094,312.8961181640625,483.12071228027344,3.2272799822192417
2,,CRI1010,CRI1012,NA,NA,NA,1345.41106446239,0,594.04302978515625,43976.5390625,102538.6640625,146515.203125,Inf
2,,CRI1006,CRI1012,NA,NA,NA,1123.48856787254,0,235.76153564453125,155046.0625,120820.6953125,275866.7578125,Inf
2,,CRI1007,CRI1012,NA,NA,NA,603.9758454847167,0,42.227561950683594,3227.923828125,30916.08203125,34144.005859375,Inf
3,,CRI1006,CRI1007,CRI1012,NA,NA,13.41581635625757,0,3.618893623352051,740.74365234375,1334.2943115234375,2075.0379638671875,Inf
2,,ECU1011,ECU1032,NA,NA,NA,204.15788924418212,0,779.4542236328125,253.58319091796875,15816.6337890625,16070.216979980469,Inf
2,,ECU1009,ECU1032,NA,NA,NA,8.81622626006142,0,49.627017974853516,18.874343872070312,1042.19970703125,1061.0740509033203,Inf
2,,MDG1074,MDG1075,NA,NA,NA,70.93255525723146,0,2.2913215160369873,3390.4365234375,3900.501220703125,7290.937744140625,Inf
2,,MEX1006,MEX1022,NA,NA,NA,3.2471326232887803,0,0.8478868007659912,981.26763916015625,304.3891296386719,1285.6567687988281,Inf
2,,ZAF1012,ZAF1013,NA,NA,NA,0.5448390809767414,0.5448390809767414,0.02571924962103367,17.28438377380371,18.934459686279297,36.21884346008301,0.14827436040620295
2,,ZAF1041,ZAF1042,NA,NA,NA,206.13302507720323,206.13302507720323,54.216304779052734,4067.1787109375,10650.484375,14717.6630859375,58.64088453670399
2,,ZAF1044,ZAF1045,NA,NA,NA,500.2013265146018,500.2013265146018,158.13645935058594,2277.36474609375,18823.58984375,21100.95458984375,142.58118290765276
2,,MEX1004,MEX1023,NA,NA,NA,7639.645531372665,0,330.76824951171875,1979813.125,866153.0625,2845966.1875,Inf
2,,KHM1049,KHM1114,NA,NA,NA,8.099890784995258,0,2.378739595413208,393.17437744140625,545.646484375,938.82086181640625,Inf
2,,KHM1039,KHM1117,NA,NA,NA,3133.177520956418,0,87.25090789794922,661498.4375,245233.0625,906731.5,Inf
2,,KHM1071,KHM1117,NA,NA,NA,505.68221718899423,0,47.2715950012207,183625.421875,44427.4921875,228052.9140625,Inf
2,,KHM1054,KHM1117,NA,NA,NA,2336.5280777654375,0,101.08997344970703,355952.46875,204004.984375,559957.453125,Inf
2,,KHM1067,KHM1117,NA,NA,NA,2677.390241670239,0,223.5974578857422,793624.75,251669.4375,1045294.1875,Inf
2,,KHM1056,KHM1117,NA,NA,NA,2267.987409444496,0,133.82479858398437,700484.5625,202706.140625,903190.703125,Inf
2,,KHM1053,KHM1117,NA,NA,NA,2191.1775067225108,0,129.37184143066406,473108.71875,215521.90625,688630.625,Inf
2,,KHM1038,KHM1117,NA,NA,NA,682.3185136422286,0,32.15793228149414,200992,51560.140625,252552.140625,Inf
2,,KHM1051,KHM1117,NA,NA,NA,1116.4531160939723,0,65.53204345703125,366569.53125,92080.3125,458649.84375,Inf
2,,KHM1055,KHM1117,NA,NA,NA,729.1372501790762,0,21.87026023864746,235158.640625,49126.3359375,284284.9765625,Inf
2,,KHM1037,KHM1117,NA,NA,NA,1450.447204421394,0,61.51202392578125,476857.75,114289.34375,591147.09375,Inf
2,,KHM1052,KHM1117,NA,NA,NA,1349.7996105546433,0,66.5808334350586,413397.28125,124717.1640625,538114.4453125,Inf
2,,KHM1047,KHM1117,NA,NA,NA,1339.4268049889579,0,39.880348205566406,359165.65625,115733.625,474899.28125,Inf
2,,KHM1014,KHM1118,NA,NA,NA,3.8237941820979118,0,0.8661985993385315,243.58206176757813,349.8343811035156,593.41644287109375,Inf
2,,KHM1014,KHM1119,NA,NA,NA,16.457016439272092,0,3.879643678665161,1499.7047119140625,1911.1866455078125,3410.891357421875,Inf
2,,KHM1020,KHM1121,NA,NA,NA,7.724113685457408,0,2.3673291206359863,458.06060791015625,1044.669921875,1502.7305297851562,Inf
2,,KHM1020,KHM1122,NA,NA,NA,3.4871460733510555,0,2.7414276599884033,107.96590423583984,388.536865234375,496.50276947021484,Inf
2,,KHM1030,KHM1123,NA,NA,NA,5.708932873558998,0,0.9432833194732666,164.32005310058594,784.76171875,949.0817718505859,Inf
3,,MDG1003,MDG1013,MDG1087,NA,NA,0.38651676301396803,0,0.22636166214942932,90.09687042236328,39.611568450927734,129.70843887329102,0.6054960360566204
4,,MDG1004,MDG1013,MDG1028,MDG1088,NA,1.7812952915722238,0,0.4984268546104431,259.6519470214844,208.1640167236328,467.8159637451172,2.7951847259978737
3,,MDG1005,MDG1013,MDG1089,NA,NA,0.5089468754919674,0,0.16810572147369385,125.16822814941406,58.95490646362305,184.1231346130371,0.7999110499312011
3,,MDG1006,MDG1013,MDG1090,NA,NA,0.36455456750776943,0,0.21732433140277863,80.4324951171875,36.81483459472656,117.24732971191406,0.5709620234976069
3,,MDG1010,MDG1013,MDG1093,NA,NA,1.5425089041206888,0,0.7546461224555969,253.7458953857422,193.6829833984375,447.4288787841797,2.421598408356829
2,,MDG1013,MDG1095,NA,NA,NA,0.7151129800587056,0,0.4263089597225189,162.09413146972656,72.21692657470703,234.3110580444336,0.9982440784236978
2,,MDG1019,MDG1096,NA,NA,NA,0.7704893339693488,0,0.48447471857070923,108.5139389038086,90.55831146240234,199.07225036621094,1.0731684832545194
2,,MDG1013,MDG1098,NA,NA,NA,1.0651534146736317,0,0.7371999621391296,298.0781555175781,115.80542755126953,413.88358306884766,1.4873053361849782
2,,FJI1130,FJI1150,NA,NA,NA,0.48485708988721016,0.48485708988721016,0.016653945669531822,121.26801300048828,53.50010681152344,174.76811981201172,0.1944831160973556
2,,FJI1131,FJI1151,NA,NA,NA,1.9554276249220128,1.9554276249220128,0.06716589629650116,390.6378173828125,218.18585205078125,608.82366943359375,0.4116654542037512
2,,FJI1132,FJI1152,NA,NA,NA,1.1651263416737405,1.1651263416737405,0.03717240318655968,251.0655975341797,138.88204956054687,389.94764709472656,0.5457117899373164
2,,FJI1133,FJI1153,NA,NA,NA,0.9842690247468344,0.9842690247468344,0.03140237554907799,235.21119689941406,117.32429504394531,352.5354919433594,0.20598076420887784
2,,FJI1134,FJI1154,NA,NA,NA,1.1016154176262876,1.1016154176262876,0.05962483212351799,173.1638946533203,113.01849365234375,286.18238830566406,0.5159772215894769
2,,FJI1135,FJI1155,NA,NA,NA,0.48793279011253615,0.48793279011253615,0.017483919858932495,105.10857391357422,61.28020095825195,166.38877487182617,0.228527194575689
2,,FJI1136,FJI1156,NA,NA,NA,0.3483001177256112,0.3483001177256112,0.010866307653486729,75.4148178100586,41.23045349121094,116.64527130126953,0.16312761102776918
2,,FJI1137,FJI1157,NA,NA,NA,0.5288753443277004,0.5288753443277004,0.021066104993224144,158.18699645996094,53.92575454711914,212.11275100708008,0.24770414040237157
2,,MDG1075,MDG1100,NA,NA,NA,2.4945144776070958,0,1.9511774778366089,44.15525436401367,176.6681365966797,220.82339096069336,1.1641179688885799
2,,MDG1075,MDG1101,NA,NA,NA,3.791689787174249,0,0.9647219181060791,73.1461410522461,198.25613403320312,271.4022750854492,1.8237593671950798
2,,MDG1074,MDG1104,NA,NA,NA,14.96296049947124,0,0.8093532919883728,1180.215087890625,1599.7857666015625,2780.0008544921875,0
2,,MDG1074,MDG1105,NA,NA,NA,18.95349243514165,0,1.1538617610931396,732.91180419921875,848.72589111328125,1581.6376953125,2.39055901736939
2,,COL1011,COL1076,NA,NA,NA,51.270131125548154,0,211.93740844726562,52.17250442504883,7397.69287109375,7449.865375518799,Inf
2,,COL1007,COL1076,NA,NA,NA,821.9463289322737,0,25799.744140625,6449.46533203125,74494.4375,80943.90283203125,Inf
2,,COL1006,COL1076,NA,NA,NA,350.77569597354017,0,9335.896484375,2591.8408203125,20882.69921875,23474.5400390625,Inf
2,,COL1076,COL1077,NA,NA,NA,146.35996698514555,0,4467.8466796875,1515.738525390625,11084.7236328125,12600.462158203125,Inf
2,,COL1003,COL1079,NA,NA,NA,45.60971217313647,0,8.712756156921387,4970.2353515625,9345.4091796875,14315.64453125,Inf
2,,COL1008,COL1084,NA,NA,NA,23.67623619827653,0,1.5234814882278442,18.552276611328125,2190.383056640625,2208.935333251953,Inf
3,,COL1103,COL1141,COL1144,NA,NA,0.8879498569367497,0,2.6115994453430176,45.1466064453125,124.0350112915039,169.1816177368164,Inf
3,,COL1119,COL1123,COL1150,NA,NA,0.825671633921349,0,0.19412027299404144,87.2522964477539,96.29368591308594,183.54598236083984,Inf
2,,COL1086,COL1154,NA,NA,NA,1.0184014453938668,0,0.12220293283462524,142.22720336914063,111.89649200439453,254.12369537353516,Inf
2,,COL1109,COL1155,NA,NA,NA,1.0184019867712064,0,0.12140480428934097,175.1318359375,105.72244262695312,280.8542785644531,Inf
2,,COL1115,COL1156,NA,NA,NA,1.0184018940407797,0,0.12710347771644592,235.3943328857422,104.76785278320312,340.1621856689453,Inf
2,,COL1117,COL1157,NA,NA,NA,1.0184018599784292,0,0.11108708381652832,162.90234375,108.58677673339844,271.48912048339844,Inf
2,,COL1152,COL1158,NA,NA,NA,1.0184021987146654,0,0.11108719557523727,170.46437072753906,108.6305160522461,279.09488677978516,Inf
3,,COL1163,COL1164,COL1165,NA,NA,0.5173784773463617,0,0.08619192242622375,108.46234893798828,63.456668853759766,171.91901779174805,Inf
2,,COL1183,COL1189,NA,NA,NA,0.9831848308823014,0,0.08064314723014832,253.48854064941406,126.64598846435547,380.13452911376953,Inf
5,,COL1159,COL1163,COL1164,COL1165,COL1192,0.5010228786280145,0,0.07157493382692337,93.34503173828125,61.16263961791992,154.50767135620117,Inf
2,,COL1160,COL1193,NA,NA,NA,0.5010230419269512,0,0.027036750689148903,49.980865478515625,64.85091400146484,114.83177947998047,Inf
2,,COL1161,COL1194,NA,NA,NA,0.5010230474779007,0,0.07477589696645737,83.26695251464844,57.83666229248047,141.1036148071289,Inf
2,,COL1200,COL1202,NA,NA,NA,2.0072875211037515,0,0.10449346899986267,182.62228393554688,241.12440490722656,423.74668884277344,Inf
2,,COL1201,COL1203,NA,NA,NA,2.0072878804656926,0,0.1588192880153656,391.7152404785156,248.40097045898437,640.1162109375,Inf
2,,COL1260,COL1289,NA,NA,NA,0.2728560814169234,0.2728560814169234,0.31692853569984436,69.97887420654297,32.401580810546875,102.38045501708984,0.30456872533275037
2,,COL1012,COL1315,NA,NA,NA,0.8605100431444546,0,0.08506361395120621,128.8185272216797,83.785980224609375,212.60450744628906,0.9963761502222849
2,,COL1321,COL1325,NA,NA,NA,2.369491864468613,2.369491864468613,1.210999608039856,167.17022705078125,279.30340576171875,446.4736328125,1.8064173506548111
2,,COL1326,COL1328,NA,NA,NA,4.507803354011928,4.507803354011928,4.050417900085449,893.68975830078125,742.65728759765625,1636.3470458984375,4.596939500770204
2,,COL1327,COL1331,NA,NA,NA,2.622436428087001,2.622436428087001,2.003171920776367,174.7213897705078,391.0699768066406,565.7913665771484,2.44597298334593
2,,KEN1005,KEN1006,NA,NA,NA,3720.1554940799847,3720.1554940799847,615.857177734375,4118.14892578125,161551.109375,165669.25830078125,1324.0059833315117
2,,KEN1002,KEN1006,NA,NA,NA,2595.247777564129,2595.247777564129,89.14213562011719,46.22431182861328,105823.34375,105869.56806182861,923.6029752821403
2,,KEN1003,KEN1006,NA,NA,NA,1826.915346756405,1826.915346756405,574.0762939453125,19.581544876098633,68565.2578125,68584.8393573761,650.1028428894293
2,,KEN1004,KEN1006,NA,NA,NA,3357.3159309076027,3357.3159309076027,244.9222412109375,65774.046875,183739.296875,249513.34375,1194.9326048582732
