n_overlaps,ci_id_1,ci_id_2,ci_id_3,ci_id_4,ci_id_5,ecosystem,tstor_ic,ha_high_ic,ha_ic,tonnes_ha_ic,tstor_blue_ic
2,BRA1016,BRA1019,NA,NA,NA,Primary forest,23597.44921875,34677.80078125,39469.5,0.596446902009858,0
2,BRA1016,BRA1019,NA,NA,NA,Secondary forest,0.20288874208927155,0.3642054498195648,0.3642054498195648,5.128196719485655e-6,0
2,BRA1017,BRA1025,NA,NA,NA,Primary forest,2.635704755783081,4.7400031089782715,5.199612617492676,0.35504611326783153,0
2,BRA1017,BRA1025,NA,NA,NA,Secondary forest,0.7645907402038574,1.2076069116592407,2.224628210067749,0.10299521217402072,0
2,BRA1025,BRA1027,NA,NA,NA,Primary forest,17565.822265625,25492.681640625,31446.58203125,0.4934092231163821,0
2,BRA1025,BRA1027,NA,NA,NA,Secondary forest,1352.896484375,1836.351806640625,2079.986572265625,0.038001728197982663,0
2,BRA1025,BRA1027,NA,NA,NA,Grassland,398.4789123535156,342.6015625,508.2486267089844,0.011192938628177192,0
2,BRA1025,BRA1027,NA,NA,NA,Wetlands,97.9736557006836,110.6410903930664,110.6410903930664,0.0027519978634729853,0
2,BRA1001,BRA1028,NA,NA,NA,Primary forest,0.6724728941917419,0.645389199256897,1.1577141284942627,0.5808870085874785,0
2,BRA1026,BRA1031,NA,NA,NA,Primary forest,16.788631439208984,15.07951545715332,16.198759078979492,0.8910325612561215,0
2,BRA1026,BRA1031,NA,NA,NA,Secondary forest,0.46884995698928833,0.9501253962516785,0.9501253962516785,0.024883539765208594,0
2,BRA1026,BRA1031,NA,NA,NA,Grassland,0.40609806776046753,0.9177746176719666,0.9177746176719666,0.021553073146432726,0
2,BRA1026,BRA1031,NA,NA,NA,Wetlands,0.05094587057828903,0,0.20644980669021606,0.002703879092894934,0
2,BRA1020,BRA1032,NA,NA,NA,Primary forest,11.797600746154785,14.440816879272461,23.72517204284668,0.3923862475390538,0
2,BRA1020,BRA1032,NA,NA,NA,Secondary forest,1.9872231483459473,2.8988707065582275,5.350942611694336,0.0660947128979898,0
2,BRA1005,BRA1042,NA,NA,NA,Primary forest,7423.96142578125,5048.36328125,5887.68408203125,0.7486267666472537,0
2,BRA1005,BRA1042,NA,NA,NA,Secondary forest,1393.6807861328125,964.60986328125,1109.0772705078125,0.1405377373106724,0
2,BRA1005,BRA1042,NA,NA,NA,Grassland,301.1297912597656,216.12551879882813,290.8540954589844,0.03036570491720161,0
2,BRA1005,BRA1042,NA,NA,NA,Wetlands,199.44363403320312,205.34786987304687,205.34786987304687,0.020111748204422106,0
2,BRA1005,BRA1042,NA,NA,NA,Mangroves,40.552738189697266,36.50046157836914,36.50046157836914,0.0040893080565071625,40.552738189697266
2,BRA1011,BRA1044,NA,NA,NA,Primary forest,45.79236602783203,27.29343032836914,55.100284576416016,0.13459199393563764,0
2,BRA1011,BRA1044,NA,NA,NA,Secondary forest,4.223736763000488,6.515578269958496,6.515578269958496,0.012414321471093583,0
2,BRA1011,BRA1044,NA,NA,NA,Grassland,14.444025039672852,0,47.91405487060547,0.04245358559032039,0
2,BRA1011,BRA1044,NA,NA,NA,Wetlands,36.95777893066406,0,57.32438659667969,0.10862555463256265,0
2,BRA1011,BRA1044,NA,NA,NA,Mangroves,15.638346672058105,19.874753952026367,19.874753952026367,0.04596391152118619,15.638346672058105
2,BRA1060,BRA1061,NA,NA,NA,Grassland,3.799684524536133,10.496881484985352,10.496881484985352,0.1972582472552767,0
2,BRA1030,BRA1067,NA,NA,NA,Primary forest,37.90085983276367,68.89324951171875,97.48304748535156,0.38862229562169565,0
2,BRA1030,BRA1067,NA,NA,NA,Secondary forest,0.014544347301125526,0,0,1.491327020395585e-4,0
2,BRA1039,BRA1068,NA,NA,NA,Primary forest,39.585994720458984,63.77333450317383,133.48886108398437,0.1310681693421279,0
2,BRA1039,BRA1068,NA,NA,NA,Secondary forest,24.315492630004883,22.596912384033203,80.23835754394531,0.08050794550375746,0
2,BRA1039,BRA1068,NA,NA,NA,Grassland,3.7414426803588867,0,12.047719955444336,0.012387816607263407,0
2,BRA1068,BRA1069,NA,NA,NA,Primary forest,89.07569885253906,143.03721618652344,460.0003356933594,0.14747537615557602,0
2,BRA1068,BRA1069,NA,NA,NA,Secondary forest,0.43244731426239014,0,5.584280014038086,7.15967779763276e-4,0
2,BRA1018,BRA1070,NA,NA,NA,Primary forest,0.14775854349136353,0,0.23971781134605408,0.03933156977050298,0
2,BRA1018,BRA1070,NA,NA,NA,Secondary forest,0.23536556959152222,0,1.443254828453064,0.06265151985952147,0
2,BRA1018,BRA1070,NA,NA,NA,Grassland,0.003724287264049053,0,0,9.91361046949565e-4,0
2,BRA1069,BRA1070,NA,NA,NA,Primary forest,2.89874267578125,3.5901882648468018,5.280890941619873,0.4851550805250213,0
2,BRA1071,BRA1073,NA,NA,NA,Primary forest,14722.044921875,22044.95703125,35589.53515625,0.3995968856297973,0
2,ECU1001,ECU1002,NA,NA,NA,Primary forest,0.03339814022183418,0.021243631839752197,0.03081260807812214,0.014182000153144596,0
2,ECU1001,ECU1002,NA,NA,NA,Secondary forest,0.03123750537633896,0.024344738572835922,0.04770030453801155,0.013264520212460043,0
2,ECU1001,ECU1002,NA,NA,NA,Grassland,0.035282090306282043,0.02375393733382225,0.0364079512655735,0.01498199021871984,0
2,ECU1001,ECU1002,NA,NA,NA,Wetlands,0.042616795748472214,0.01956505887210369,0.02765228971838951,0.018096558665151103,0
2,ECU1001,ECU1002,NA,NA,NA,Mangroves,0.009236525744199753,0.0029103215783834457,0.0029103215783834457,0.003922146821610385,0.009236525744199753
2,ECU1005,ECU1024,NA,NA,NA,Secondary forest,347.9955749511719,117.13761138916016,117.13761138916016,0.5561527153386895,0
2,ECU1005,ECU1024,NA,NA,NA,Grassland,363.23974609375,129.09922790527344,129.09922790527344,0.5805153445911508,0
2,ECU1005,ECU1024,NA,NA,NA,Wetlands,660.83343505859375,276.8839416503906,276.8839416503906,1.0561177662848118,0
2,ECU1005,ECU1024,NA,NA,NA,Mangroves,0.9993142485618591,0.48946642875671387,0.48946642875671387,0.0015970643675348507,0.9993142485618591
2,ECU1015,ECU1024,NA,NA,NA,Primary forest,327.36444091796875,181.86270141601562,181.86270141601562,0.28721704925583025,0
2,ECU1015,ECU1024,NA,NA,NA,Secondary forest,524.23583984375,274.3985290527344,274.3985290527344,0.459944490647363,0
2,ECU1015,ECU1024,NA,NA,NA,Grassland,375.5005187988281,214.57550048828125,214.57550048828125,0.3294498043251375,0
2,ECU1015,ECU1024,NA,NA,NA,Wetlands,45.61032485961914,31.676345825195312,31.676345825195312,0.040016755897633594,0
2,ECU1021,ECU1024,NA,NA,NA,Primary forest,672.77020263671875,306.0523986816406,306.06829833984375,0.30708793693344383,0
2,ECU1021,ECU1024,NA,NA,NA,Secondary forest,1974.832275390625,955.39154052734375,955.76318359375,0.9014179980957835,0
2,ECU1021,ECU1024,NA,NA,NA,Grassland,1147.1246337890625,633.42431640625,635.00604248046875,0.5236084116317985,0
2,ECU1022,ECU1024,NA,NA,NA,Primary forest,15.038003921508789,15.377777099609375,15.377777099609375,0.021225896412896895,0
2,ECU1022,ECU1024,NA,NA,NA,Secondary forest,190.7587432861328,72.25899505615234,80.62018585205078,0.2692528440596124,0
2,ECU1022,ECU1024,NA,NA,NA,Grassland,121.68797302246094,89.95976257324219,91.40943145751953,0.17176058229216082,0
2,ECU1024,ECU1025,NA,NA,NA,Primary forest,0.8111360669136047,0.45774227380752563,0.45774227380752563,0.39854912941077925,0
2,ECU1007,ECU1025,NA,NA,NA,Primary forest,5.869153022766113,4.974748611450195,4.974748611450195,0.2108856290039534,0
2,ECU1022,ECU1025,NA,NA,NA,Secondary forest,135.92898559570312,49.32732009887695,63.08719253540039,0.2672011640935051,0
2,ECU1022,ECU1025,NA,NA,NA,Grassland,64.73543548583984,25.74691390991211,25.74691390991211,0.12725309207680274,0
2,ECU1022,ECU1025,NA,NA,NA,Wetlands,10.340956687927246,19.766923904418945,19.766923904418945,0.020327641324956833,0
2,LBR1002,LBR1003,NA,NA,NA,Primary forest,73.30223846435547,98.78367614746094,132.64942932128906,0.014259694594400555,0
2,LBR1002,LBR1003,NA,NA,NA,Secondary forest,226.89813232421875,289.54241943359375,392.2437744140625,0.04413914416210581,0
2,LBR1002,LBR1003,NA,NA,NA,Grassland,338.0928039550781,395.1298522949219,489.503662109375,0.06577016241200193,0
2,LBR1002,LBR1003,NA,NA,NA,Wetlands,658.05389404296875,538.429931640625,538.429931640625,0.12801311054466263,0
2,LBR1002,LBR1003,NA,NA,NA,Mangroves,1084.6259765625,539.57257080078125,539.57257080078125,0.21099540067191178,1084.6259765625
2,LBR1013,LBR1014,NA,NA,NA,Primary forest,0.005422804970294237,0,0.085941217839717865,7.30914087936253e-4,0
2,LBR1013,LBR1014,NA,NA,NA,Secondary forest,0.019019141793251038,0,0,0.0025634996562286616,0
2,LBR1014,LBR1017,NA,NA,NA,Primary forest,73.53214263916016,0,807.3665771484375,0.012251032659359045,0
2,LBR1014,LBR1017,NA,NA,NA,Secondary forest,81.13875579833984,0,614.13323974609375,0.013518354172041202,0
2,LBR1014,LBR1017,NA,NA,NA,Wetlands,39.4730224609375,75.82899475097656,75.82899475097656,0.006576515656637769,0
2,MDG1013,MDG1014,NA,NA,NA,Primary forest,13.59643268585205,24.99018096923828,33.74953842163086,0.10332082112803923,0
2,MDG1013,MDG1014,NA,NA,NA,Secondary forest,25.0002384185791,68.23517608642578,68.23517608642578,0.1899796234413875,0
2,MDG1013,MDG1014,NA,NA,NA,Grassland,7.52380895614624,0,29.61142349243164,0.05717427043701131,0
2,MDG1013,MDG1015,NA,NA,NA,Primary forest,98.47234344482422,193.62733459472656,212.1523895263672,0.1826500454582138,0
2,MDG1013,MDG1015,NA,NA,NA,Secondary forest,48.280216217041016,91.63750457763672,91.63750457763672,0.08955188206438926,0
2,MDG1013,MDG1015,NA,NA,NA,Grassland,49.36711883544922,66.39131927490234,66.39131927490234,0.09156790814558174,0
2,MDG1013,MDG1016,NA,NA,NA,Primary forest,82.87139129638672,131.63287353515625,258.07928466796875,0.06884183726233367,0
2,MDG1013,MDG1016,NA,NA,NA,Secondary forest,162.13552856445312,207.81663513183594,472.2674560546875,0.13468710368282663,0
2,MDG1013,MDG1016,NA,NA,NA,Grassland,6.286889553070068,0,33.70433807373047,0.0052225625843642124,0
2,MDG1013,MDG1017,NA,NA,NA,Primary forest,687.962158203125,1263.9464111328125,1394.678955078125,0.2794116738169889,0
2,MDG1013,MDG1017,NA,NA,NA,Secondary forest,347.4071350097656,453.0041198730469,815.30615234375,0.1410973088150335,0
2,MDG1013,MDG1017,NA,NA,NA,Grassland,3.8953919410705566,0,0,0.00158208990051219,0
2,MDG1013,MDG1018,NA,NA,NA,Primary forest,658.6837158203125,1113.261474609375,1681.316162109375,0.2659279118067519,0
2,MDG1013,MDG1018,NA,NA,NA,Secondary forest,89.021087646484375,122.9681625366211,263.68658447265625,0.03594015060037316,0
3,MDG1013,MDG1015,MDG1018,NA,NA,Primary forest,1.1271461248397827,3.8659579753875732,3.8659579753875732,0.29086543384019287,0
2,MDG1013,MDG1019,NA,NA,NA,Primary forest,294.3916320800781,579.95166015625,816.22509765625,0.24330187528789804,0
2,MDG1013,MDG1019,NA,NA,NA,Secondary forest,121.90992736816406,197.1189422607422,371.975830078125,0.10075325081528687,0
2,MDG1013,MDG1020,NA,NA,NA,Primary forest,103.72818756103516,194.9448699951172,348.39288330078125,0.16042382977495653,0
2,MDG1013,MDG1020,NA,NA,NA,Secondary forest,37.545223236083984,45.07882308959961,45.07882308959961,0.05806665134049674,0
2,MDG1013,MDG1020,NA,NA,NA,Grassland,46.772789001464844,71.72611236572266,137.91310119628906,0.07233781016809732,0
2,MDG1013,MDG1021,NA,NA,NA,Primary forest,456.9098205566406,623.73382568359375,750.949462890625,0.4296292962368011,0
2,MDG1013,MDG1021,NA,NA,NA,Secondary forest,126.6963882446289,180.6100311279297,182.27474975585937,0.11913177976995733,0
2,MDG1013,MDG1022,NA,NA,NA,Primary forest,235.96722412109375,427.1470947265625,519.3935546875,0.17725840744116467,0
2,MDG1013,MDG1022,NA,NA,NA,Secondary forest,214.25991821289062,293.11627197265625,293.131103515625,0.160951895003015,0
2,MDG1013,MDG1022,NA,NA,NA,Grassland,109.82649230957031,60.93088150024414,120.78469848632812,0.08250158128593879,0
2,MDG1013,MDG1023,NA,NA,NA,Primary forest,313.8168640136719,466.19818115234375,791.7855224609375,0.3140948573547812,0
2,MDG1013,MDG1023,NA,NA,NA,Secondary forest,39.669376373291016,4.467014312744141,4.467014312744141,0.03970451732249525,0
2,MDG1013,MDG1023,NA,NA,NA,Grassland,0.44574886560440063,0,0,4.461437303508652e-4,0
2,MDG1013,MDG1024,NA,NA,NA,Primary forest,299.2558288574219,355.587646484375,732.0098876953125,0.2744519528967252,0
2,MDG1013,MDG1024,NA,NA,NA,Secondary forest,3.7031381130218506,9.42261028289795,9.42261028289795,0.0033962028103030365,0
2,MDG1013,MDG1025,NA,NA,NA,Primary forest,411.763427734375,895.1998291015625,954.39208984375,0.29725617169167284,0
2,MDG1013,MDG1025,NA,NA,NA,Secondary forest,120.6229476928711,199.24574279785156,199.24574279785156,0.08707892259066316,0
2,MDG1013,MDG1025,NA,NA,NA,Grassland,12.724730491638184,22.489904403686523,22.489904403686523,0.009186111288622567,0
2,MDG1013,MDG1026,NA,NA,NA,Primary forest,119.5821533203125,211.8848876953125,215.61465454101562,0.21579379000545723,0
2,MDG1013,MDG1027,NA,NA,NA,Primary forest,730.52899169921875,971.12677001953125,2495.9091796875,0.18174555597531392,0
2,MDG1013,MDG1027,NA,NA,NA,Secondary forest,131.01170349121094,166.6296844482422,283.39178466796875,0.03259390819644122,0
2,MDG1013,MDG1027,NA,NA,NA,Grassland,0.16471633315086365,0.5676808953285217,0.5676808953285217,4.097915604565699e-5,0
2,MDG1013,MDG1028,NA,NA,NA,Primary forest,52.68019104003906,112.63094329833984,179.6006622314453,0.24826522646914392,0
2,MDG1013,MDG1028,NA,NA,NA,Secondary forest,12.088911056518555,23.496171951293945,23.496171951293945,0.05697124824264288,0
2,MDG1013,MDG1029,NA,NA,NA,Primary forest,4538.4423828125,5066.94677734375,5228.896484375,0.8252031438852301,0
2,MDG1013,MDG1029,NA,NA,NA,Secondary forest,164.25665283203125,137.31430053710937,228.8761444091797,0.029865996940795985,0
2,MDG1013,MDG1029,NA,NA,NA,Grassland,44.53146743774414,39.41816329956055,40.08956527709961,0.0080969424819879645,0
2,MDG1013,MDG1030,NA,NA,NA,Primary forest,107.32579803466797,102.28330993652344,294.8773498535156,0.16459020739291683,0
2,MDG1013,MDG1030,NA,NA,NA,Secondary forest,75.4747314453125,186.13905334472656,186.13905334472656,0.11574478763713501,0
2,MDG1013,MDG1030,NA,NA,NA,Grassland,0.27444395422935486,0,0,4.2087539223096014e-4,0
2,MDG1013,MDG1031,NA,NA,NA,Primary forest,2838.184326171875,4090.150146484375,5844.3291015625,0.3206827481588183,0
2,MDG1013,MDG1031,NA,NA,NA,Secondary forest,662.4002685546875,881.0281982421875,1689.5958251953125,0.07484374307280023,0
2,MDG1013,MDG1031,NA,NA,NA,Grassland,66.43608856201172,36.123348236083984,136.71458435058594,0.007506527063985473,0
2,MDG1013,MDG1032,NA,NA,NA,Primary forest,743.57086181640625,1215.35693359375,1478.4501953125,0.4407783905492373,0
2,MDG1013,MDG1032,NA,NA,NA,Secondary forest,44.87107849121094,61.53739929199219,69.08855438232422,0.026598946751692183,0
2,MDG1013,MDG1032,NA,NA,NA,Grassland,1.100653886795044,0,0,6.524522055479199e-4,0
2,MDG1013,MDG1033,NA,NA,NA,Primary forest,86.48645782470703,2.875993013381958,260.5207824707031,0.21297311088833384,0
2,MDG1013,MDG1033,NA,NA,NA,Secondary forest,17.345739364624023,105.04476928710937,116.3549575805664,0.042713925001179494,0
2,MDG1013,MDG1033,NA,NA,NA,Grassland,0.0011215045815333724,0,0,2.761707735664112e-6,0
2,MDG1013,MDG1034,NA,NA,NA,Primary forest,1361.9608154296875,2233.94482421875,3283.317138671875,0.2547072161867613,0
2,MDG1013,MDG1034,NA,NA,NA,Secondary forest,736.10760498046875,1062.2685546875,1480.1370849609375,0.13766322551601984,0
3,MDG1013,MDG1018,MDG1034,NA,NA,Primary forest,0.18265347182750702,0.21251648664474487,0.5641703009605408,0.2341320346378925,0
3,MDG1013,MDG1018,MDG1034,NA,NA,Secondary forest,0.11975418776273727,0.21595627069473267,0.21595627069473267,0.15350538567247432,0
2,MDG1013,MDG1035,NA,NA,NA,Primary forest,271.34503173828125,477.8426513671875,549.0228271484375,0.18166002738134218,0
2,MDG1013,MDG1035,NA,NA,NA,Secondary forest,308.8528137207031,430.4726867675781,855.97406005859375,0.20677073111632752,0
2,MDG1013,MDG1035,NA,NA,NA,Grassland,1.572046160697937,0,0,0.0010524532060442067,0
3,MDG1013,MDG1034,MDG1035,NA,NA,Primary forest,0.2568683922290802,0.21567273139953613,0.49479585886001587,0.11028005586303173,0
3,MDG1013,MDG1034,MDG1035,NA,NA,Secondary forest,0.909466564655304,0.0757843554019928,1.4252691268920898,0.3904568510177015,0
2,MDG1013,MDG1036,NA,NA,NA,Primary forest,368.6185607910156,514.53607177734375,596.31561279296875,0.5204852245561626,0
2,MDG1013,MDG1036,NA,NA,NA,Secondary forest,67.50642395019531,98.38456726074219,111.9054183959961,0.09531830451864023,0
2,MDG1013,MDG1037,NA,NA,NA,Primary forest,294.541015625,509.54425048828125,510.1251525878906,0.42435648587254265,0
2,MDG1013,MDG1037,NA,NA,NA,Secondary forest,9.189523696899414,1.537338137626648,1.537338137626648,0.01323969761760983,0
2,MDG1013,MDG1038,NA,NA,NA,Primary forest,117.58116912841797,197.94873046875,197.94873046875,0.3752610572420608,0
2,MDG1013,MDG1038,NA,NA,NA,Secondary forest,56.90108871459961,91.03319549560547,104.19792938232422,0.18160019046880047,0
2,MDG1013,MDG1038,NA,NA,NA,Grassland,0.02791862189769745,0,0.08436795324087143,8.910246128467168e-5,0
2,MDG1013,MDG1039,NA,NA,NA,Primary forest,704.01617431640625,1319.8363037109375,1412.9100341796875,0.23398076281965474,0
2,MDG1013,MDG1039,NA,NA,NA,Secondary forest,374.3927917480469,691.74481201171875,1082.3441162109375,0.12442996937172317,0
2,MDG1013,MDG1039,NA,NA,NA,Grassland,0.0023996527306735516,0,0.008356977254152298,7.975279502213855e-7,0
2,MDG1013,MDG1040,NA,NA,NA,Primary forest,243.31016540527344,431.3367919921875,569.95330810546875,0.3046800347895269,0
2,MDG1013,MDG1040,NA,NA,NA,Secondary forest,65.55059051513672,182.3123016357422,182.3123016357422,0.08208434762830102,0
2,MDG1013,MDG1040,NA,NA,NA,Grassland,6.168718338012695,0,0,0.007724647733899264,0
2,MDG1013,MDG1041,NA,NA,NA,Primary forest,100.21891021728516,178.66683959960937,296.7725830078125,0.22759418544478768,0
2,MDG1013,MDG1041,NA,NA,NA,Secondary forest,35.946258544921875,73.92364501953125,73.92364501953125,0.08163289159283031,0
2,MDG1013,MDG1041,NA,NA,NA,Grassland,23.112028121948242,34.59531784057617,34.59531784057617,0.052486733321957385,0
2,MDG1013,MDG1042,NA,NA,NA,Primary forest,4053.001220703125,6280.15869140625,8788.65625,0.39506201079686704,0
2,MDG1013,MDG1042,NA,NA,NA,Secondary forest,430.40447998046875,412.4993896484375,670.0811767578125,0.04195322183682085,0
3,MDG1013,MDG1030,MDG1043,NA,NA,Primary forest,0.6606691479682922,0.36187925934791565,2.400155782699585,0.2752257704022945,0
3,MDG1013,MDG1029,MDG1043,NA,NA,Primary forest,1.904418706893921,2.5971367359161377,2.5971367359161377,0.649861095698833,0
3,MDG1013,MDG1029,MDG1043,NA,NA,Secondary forest,0.24560368061065674,0.33360448479652405,0.33360448479652405,0.08380944611157826,0
2,MDG1013,MDG1043,NA,NA,NA,Primary forest,1821.9556884765625,2176.06689453125,2692.114501953125,0.5221041519990934,0
2,MDG1013,MDG1043,NA,NA,NA,Secondary forest,326.6766357421875,387.2939758300781,387.9228820800781,0.09361326895096198,0
2,MDG1013,MDG1043,NA,NA,NA,Grassland,11.818394660949707,0,0,0.003386708557991989,0
2,MDG1013,MDG1044,NA,NA,NA,Primary forest,420.27001953125,924.17523193359375,958.16168212890625,0.1633421166018846,0
2,MDG1013,MDG1044,NA,NA,NA,Secondary forest,329.5390319824219,421.3803405761719,850.2998046875,0.12807861728272169,0
2,MDG1013,MDG1044,NA,NA,NA,Grassland,78.08183288574219,203.15780639648437,218.26637268066406,0.030347279746333215,0
2,MDG1013,MDG1045,NA,NA,NA,Primary forest,190.16482543945313,359.1737365722656,545.854248046875,0.15110490673773874,0
2,MDG1013,MDG1045,NA,NA,NA,Secondary forest,60.93422317504883,94.31963348388672,235.18927001953125,0.048418313369597836,0
2,MDG1013,MDG1046,NA,NA,NA,Primary forest,59.254783630371094,92.9819107055664,92.9819107055664,0.1475860279289568,0
2,MDG1013,MDG1046,NA,NA,NA,Secondary forest,200.9352264404297,289.8512268066406,289.8512268066406,0.5004698376140673,0
2,MDG1013,MDG1046,NA,NA,NA,Grassland,0.9180325269699097,0,2.3709089756011963,0.002286545758233551,0
2,MDG1013,MDG1047,NA,NA,NA,Primary forest,401.1301574707031,693.63348388671875,1644.219970703125,0.1632377653322362,0
2,MDG1013,MDG1047,NA,NA,NA,Secondary forest,148.73509216308594,121.74807739257812,330.3885803222656,0.06052694772259698,0
2,MDG1012,MDG1049,NA,NA,NA,Primary forest,7.521851062774658,0,12.989956855773926,0.02165344826449457,0
2,MDG1012,MDG1049,NA,NA,NA,Secondary forest,35.02603530883789,82.59039306640625,221.33218383789063,0.10083082437297161,0
2,MDG1012,MDG1051,NA,NA,NA,Primary forest,16.3426456451416,0.05700387805700302,29.997356414794922,0.06572425780376402,0
2,MDG1012,MDG1052,NA,NA,NA,Primary forest,4.3681206703186035,0,0.7850461602210999,0.056839237514022783,0
2,MDG1012,MDG1053,NA,NA,NA,Primary forest,36.17076110839844,0,303.7674560546875,0.08694709975043034,0
2,MDG1012,MDG1053,NA,NA,NA,Secondary forest,1.647831678390503,0,0,0.003961049779504681,0
2,MDG1012,MDG1054,NA,NA,NA,Primary forest,11.229811668395996,0,74.099517822265625,0.03213105482440818,0
2,MDG1012,MDG1054,NA,NA,NA,Secondary forest,4.880896091461182,0,0.6070290803909302,0.013965357971972056,0
2,MDG1012,MDG1055,NA,NA,NA,Primary forest,7.629451751708984,0,0,0.002797865961581341,0
2,MDG1012,MDG1055,NA,NA,NA,Secondary forest,30.10536766052246,0,350.8003845214844,0.011040214445212257,0
2,MDG1012,MDG1057,NA,NA,NA,Primary forest,67.0402603149414,125.73590850830078,246.46263122558594,0.041720566046191336,0
2,MDG1012,MDG1057,NA,NA,NA,Secondary forest,8.9851531982421875,0,6.367722034454346,0.005591650087296326,0
2,MDG1012,MDG1057,NA,NA,NA,Grassland,8.702136256033555e-5,0,0,5.4155226830449614e-8,0
2,MDG1012,MDG1058,NA,NA,NA,Primary forest,118.53954315185547,286.8027038574219,794.96856689453125,0.023105286062334834,0
2,MDG1012,MDG1058,NA,NA,NA,Secondary forest,28.72667121887207,0,94.2085189819336,0.005599295715864168,0
2,MDG1012,MDG1058,NA,NA,NA,Grassland,0.3472001254558563,0,1.1411257982254028,6.76749547554717e-5,0
2,MDG1012,MDG1059,NA,NA,NA,Primary forest,75.80931091308594,136.68272399902344,349.6231689453125,0.028941847796159468,0
2,MDG1012,MDG1059,NA,NA,NA,Secondary forest,180.982666015625,51.66733169555664,1020.1810913085937,0.06909405600022703,0
2,MDG1012,MDG1059,NA,NA,NA,Grassland,0.6273670196533203,0,0,2.3951095949089224e-4,0
2,MDG1012,MDG1060,NA,NA,NA,Primary forest,496.5785827636719,735.01983642578125,2877.547607421875,0.0926942741895838,0
2,MDG1012,MDG1060,NA,NA,NA,Secondary forest,136.00241088867187,214.5658721923828,552.68804931640625,0.025387008628518826,0
2,MDG1012,MDG1060,NA,NA,NA,Grassland,4.405545234680176,0,24.7534122467041,8.223649430575754e-4,0
2,MDG1012,MDG1061,NA,NA,NA,Primary forest,53.016231536865234,0,67.761505126953125,0.03453675697987691,0
2,MDG1012,MDG1061,NA,NA,NA,Secondary forest,0.6333333849906921,0,10.147066116333008,4.1257706499671907e-4,0
2,MDG1012,MDG1062,NA,NA,NA,Primary forest,1.7538973093032837,0,0,0.008298378758518164,0
2,MDG1012,MDG1062,NA,NA,NA,Secondary forest,11.066974639892578,0,97.560028076171875,0.0523622145866826,0
2,MDG1012,MDG1063,NA,NA,NA,Primary forest,15.742807388305664,18.469083786010742,100.07240295410156,0.04801304665132153,0
2,MDG1012,MDG1063,NA,NA,NA,Secondary forest,0.011505808681249619,0,0,3.509087771628221e-5,0
2,MDG1012,MDG1064,NA,NA,NA,Primary forest,46.53133773803711,22.4998836517334,270.6968994140625,0.06735169169705622,0
2,MDG1012,MDG1064,NA,NA,NA,Secondary forest,58.31353759765625,242.75071716308594,242.75071716308594,0.0844058133070068,0
2,MDG1012,MDG1064,NA,NA,NA,Grassland,2.616299867630005,0,11.02805233001709,0.0037869580080355215,0
3,MDG1012,MDG1064,MDG1065,NA,NA,Secondary forest,0.3322817385196686,0.7345393300056458,0.7345393300056458,0.11622396133489282,0
2,MDG1012,MDG1065,NA,NA,NA,Primary forest,23.896549224853516,48.455135345458984,51.9193229675293,0.03080355181583459,0
2,MDG1012,MDG1065,NA,NA,NA,Secondary forest,89.52059173583984,116.75590515136719,371.598388671875,0.11539541379686465,0
2,MDG1012,MDG1066,NA,NA,NA,Primary forest,35.17440414428711,37.22910690307617,358.5190124511719,0.0630188007886928,0
2,MDG1012,MDG1066,NA,NA,NA,Secondary forest,16.692626953125,22.127702713012695,63.340553283691406,0.02990667100667296,0
2,MDG1012,MDG1067,NA,NA,NA,Primary forest,6.745491027832031,54.8934440612793,78.22471618652344,0.05073631358368823,0
2,MDG1012,MDG1067,NA,NA,NA,Secondary forest,4.411443710327148,2.005864143371582,2.005864143371582,0.03318074110846191,0
3,MDG1012,MDG1066,MDG1067,NA,NA,Primary forest,0.049894317984580994,0.310927152633667,0.6645672917366028,0.05779388807427863,0
3,MDG1012,MDG1066,MDG1067,NA,NA,Secondary forest,0.03157337009906769,0,0,0.03657225694912197,0
2,MDG1066,MDG1067,NA,NA,NA,Primary forest,0.045509401708841324,0.21185943484306335,0.33599355816841125,0.07889725461357308,0
2,MDG1066,MDG1067,NA,NA,NA,Secondary forest,0.038257382810115814,0,0,0.06632481111770455,0
2,MDG1012,MDG1068,NA,NA,NA,Primary forest,68.69139099121094,141.4827423095703,641.51226806640625,0.030402788023949787,0
2,MDG1012,MDG1068,NA,NA,NA,Secondary forest,57.74340057373047,0,198.973388671875,0.025557210912351035,0
2,MDG1012,MDG1068,NA,NA,NA,Grassland,4.5055999755859375,26.452552795410156,26.452552795410156,0.0019941771305225066,0
2,MDG1012,MDG1069,NA,NA,NA,Primary forest,70.971527099609375,66.817596435546875,510.2954406738281,0.04587887625732298,0
2,MDG1012,MDG1069,NA,NA,NA,Secondary forest,1.2854474782943726,0,14.874611854553223,8.309654336334547e-4,0
2,MDG1012,MDG1070,NA,NA,NA,Primary forest,48.664939880371094,1.2493045330047607,472.01324462890625,0.08464117909202029,0
2,MEX1004,MEX1018,NA,NA,NA,Secondary forest,0.028558319434523582,0,0,1.2770592473972507e-4,0
2,PER1001,PER1004,NA,NA,NA,Primary forest,10.079812049865723,17.277658462524414,34.1401481628418,0.08824194387098658,0
2,PER1001,PER1004,NA,NA,NA,Secondary forest,12.25624942779541,36.071876525878906,56.001461029052734,0.10729518256153805,0
2,PER1003,PER1005,NA,NA,NA,Secondary forest,0.4090336561203003,1.5364773273468018,1.5364773273468018,0.266216006527959,0
2,PER1001,PER1005,NA,NA,NA,Primary forest,5.0596923828125,6.159976959228516,6.5023088455200195,0.07788037173822639,0
2,PER1001,PER1005,NA,NA,NA,Secondary forest,12.19904899597168,8.42042064666748,28.8074893951416,0.1877715874361129,0
2,PER1002,PER1005,NA,NA,NA,Secondary forest,0.09575115889310837,0.12000060826539993,0.12000060826539993,0.04350860710529718,0
2,PER1005,PER1006,NA,NA,NA,Secondary forest,0.1406712830066681,0,0.8978437781333923,0.03558573004117267,0
2,PER1002,PER1006,NA,NA,NA,Secondary forest,0.9245942234992981,1.8067089319229126,1.98406982421875,0.019522596086792326,0
3,PER1001,PER1005,PER1007,NA,NA,Secondary forest,0.16946358978748322,0,0.29202231764793396,0.12010183688423332,0
2,PER1004,PER1007,NA,NA,NA,Primary forest,13.60732650756836,32.02736282348633,32.02736282348633,0.03891837569463732,0
2,PER1004,PER1007,NA,NA,NA,Secondary forest,73.63525390625,82.19682312011719,316.62200927734375,0.21060452060877036,0
2,PER1005,PER1007,NA,NA,NA,Primary forest,120.13096618652344,293.5340576171875,301.3741149902344,0.02085368053278038,0
2,PER1005,PER1007,NA,NA,NA,Secondary forest,911.52337646484375,1221.0198974609375,2872.379150390625,0.1582324515849235,0
2,PER1002,PER1007,NA,NA,NA,Primary forest,0.227340966463089,0.8371952176094055,0.8371952176094055,0.014095761962130129,0
2,PER1002,PER1007,NA,NA,NA,Secondary forest,2.083465814590454,0.9046890139579773,5.835482597351074,0.12918058120189602,0
3,PER1002,PER1005,PER1007,NA,NA,Secondary forest,0.6996898055076599,3.144080877304077,4.351051330566406,0.046916939981329585,0
2,PER1005,PER1008,NA,NA,NA,Primary forest,227.8798065185547,274.8263854980469,402.3766784667969,0.07348160484214411,0
2,PER1005,PER1008,NA,NA,NA,Secondary forest,592.673583984375,395.33514404296875,1143.6092529296875,0.1911121777925993,0
2,PER1005,PER1008,NA,NA,NA,Grassland,5.886010646820068,0,1.0912635326385498,0.001897989624679924,0
2,PER1003,PER1009,NA,NA,NA,Primary forest,2.3522512912750244,0.3562077581882477,9.66549301147461,0.009719874574190561,0
2,PER1003,PER1009,NA,NA,NA,Secondary forest,14.860879898071289,23.142953872680664,64.48469543457031,0.06140750744069809,0
2,PER1003,PER1009,NA,NA,NA,Grassland,0.5887815952301025,0,0.1389598548412323,0.002432938724895492,0
3,PER1003,PER1005,PER1009,NA,NA,Secondary forest,0.1967368870973587,0,0,0.1280445191398349,0
2,PER1004,PER1009,NA,NA,NA,Primary forest,920.1832275390625,1523.097412109375,1854.96435546875,0.36624523310894613,0
2,PER1004,PER1009,NA,NA,NA,Secondary forest,137.66529846191406,297.54461669921875,487.53125,0.05479263022543629,0
2,CRI1006,CRI1007,NA,NA,NA,Secondary forest,0.0023616249673068523,0,0.007666941732168198,0.00414020770712158,0
3,CRI1001,CRI1006,CRI1010,NA,NA,Secondary forest,76.29998779296875,56.970703125,56.970703125,0.5553044710208965,0
3,CRI1001,CRI1006,CRI1010,NA,NA,Grassland,51.25511169433594,30.190961837768555,30.190961837768555,0.3730301079964662,0
2,CRI1002,CRI1010,NA,NA,NA,Primary forest,0.9570845365524292,0.5865784287452698,0.5865784287452698,0.059333403308636005,0
3,CRI1002,CRI1006,CRI1010,NA,NA,Primary forest,29.38389015197754,17.78152084350586,17.78152084350586,0.7889280208852139,0
3,CRI1002,CRI1006,CRI1010,NA,NA,Secondary forest,16.28083038330078,8.385894775390625,8.385894775390625,0.43712398958178494,0
3,CRI1004,CRI1006,CRI1010,NA,NA,Secondary forest,11.267239570617676,15.683759689331055,15.683759689331055,0.5627102928523597,0
2,CRI1004,CRI1010,NA,NA,NA,Secondary forest,17.264463424682617,24.30521011352539,24.30521011352539,0.3797800218968295,0
2,IDN1013,IDN1033,NA,NA,NA,Primary forest,1065.9671630859375,933.2972412109375,950.20806884765625,0.5572264444471783,0
2,IDN1013,IDN1033,NA,NA,NA,Secondary forest,2.9177968502044678,2.2427146434783936,2.2427146434783936,0.0015252567065497259,0
2,IDN1013,IDN1035,NA,NA,NA,Primary forest,52.273921966552734,63.0646858215332,71.440765380859375,0.2518325455480781,0
2,IDN1013,IDN1035,NA,NA,NA,Secondary forest,1.848387360572815,4.093752384185791,4.093752384185791,0.008904709588650788,0
2,IDN1015,IDN1036,NA,NA,NA,Primary forest,11.989859580993652,12.322118759155273,14.074121475219727,0.3499719540981715,0
2,IDN1015,IDN1036,NA,NA,NA,Secondary forest,0.2922297716140747,0.0995137020945549,0.41219446063041687,0.008529893409224092,0
2,IDN1014,IDN1036,NA,NA,NA,Primary forest,4.736517429351807,6.407378673553467,6.591834545135498,0.112203242641293,0
2,IDN1014,IDN1036,NA,NA,NA,Secondary forest,3.464172840118408,4.85740852355957,4.85740852355957,0.08206270356411956,0
2,IDN1014,IDN1036,NA,NA,NA,Grassland,3.455406665802002,2.232149839401245,4.325605869293213,0.08185504188050273,0
2,IDN1014,IDN1036,NA,NA,NA,Wetlands,1.8697352409362793,0.8737635016441345,2.779289722442627,0.04429211124901521,0
2,IDN1014,IDN1036,NA,NA,NA,Mangroves,1.452274203300476,2.4465456008911133,2.4465456008911133,0.03440288719404407,1.452274203300476
2,IDN1014,IDN1036,NA,NA,NA,Salt marsh,3.3475069999694824,6.623999118804932,6.623999118804932,0.0792990094015982,3.3475069999694824
2,IDN1014,IDN1036,NA,NA,NA,Seagrass,1.2433969974517822,1.9394755363464355,1.9394755363464355,0.029454800301163445,1.2433969974517822
2,IDN1011,IDN1037,NA,NA,NA,Primary forest,304.7341613769531,211.0963592529297,246.80850219726562,0.41723356601864164,0
2,IDN1011,IDN1037,NA,NA,NA,Secondary forest,90.48066711425781,95.09490966796875,128.96600341796875,0.1238836211379961,0
2,IDN1011,IDN1037,NA,NA,NA,Grassland,2.470343589782715,3.388843297958374,3.388843297958374,0.0033823259610902506,0
2,IDN1012,IDN1038,NA,NA,NA,Primary forest,520.77838134765625,332.4468994140625,334.1427307128906,0.11834436245984652,0
2,IDN1012,IDN1038,NA,NA,NA,Secondary forest,52.38872146606445,52.352176666259766,52.352176666259766,0.011905082975879134,0
2,IDN1012,IDN1038,NA,NA,NA,Grassland,0.80561065673828125,0,9.994540214538574,1.8307111619309777e-4,0
2,IDN1011,IDN1040,NA,NA,NA,Primary forest,148.70787048339844,112.48238372802734,155.3935546875,0.3677553835157069,0
2,IDN1011,IDN1040,NA,NA,NA,Secondary forest,24.266096115112305,21.361177444458008,21.361177444458008,0.060010189469012626,0
2,IDN1030,IDN1041,NA,NA,NA,Primary forest,42.02239227294922,36.70782470703125,44.548789978027344,0.3251813692570916,0
2,IDN1030,IDN1041,NA,NA,NA,Secondary forest,13.729706764221191,5.224850654602051,14.609269142150879,0.10624442359417492,0
2,IDN1028,IDN1041,NA,NA,NA,Primary forest,0.9042539596557617,0.9874717593193054,0.9874717593193054,0.5464966434803923,0
2,IDN1028,IDN1041,NA,NA,NA,Secondary forest,4.956945776939392e-4,5.80786494538188e-4,5.80786494538188e-4,2.9957891807772105e-4,0
2,IDN1030,IDN1042,NA,NA,NA,Primary forest,17.288599014282227,27.139423370361328,29.4238338470459,0.39053596678110597,0
2,IDN1030,IDN1042,NA,NA,NA,Secondary forest,0.7925485372543335,0,3.6779165267944336,0.01790305327585405,0
2,IDN1028,IDN1042,NA,NA,NA,Primary forest,409.7599182128906,234.62225341796875,244.33473205566406,0.7103959080767078,0
2,IDN1028,IDN1042,NA,NA,NA,Secondary forest,464.39337158203125,226.12454223632812,226.12454223632812,0.8051132779131902,0
2,IDN1029,IDN1042,NA,NA,NA,Primary forest,35.371734619140625,55.46104049682617,66.8377914428711,0.16858386578505574,0
2,IDN1029,IDN1042,NA,NA,NA,Secondary forest,14.656045913696289,17.339941024780273,18.685638427734375,0.0698516175092297,0
2,IDN1022,IDN1045,NA,NA,NA,Primary forest,1217.314208984375,910.8011474609375,910.8011474609375,1.336529061700528,0
2,IDN1022,IDN1047,NA,NA,NA,Primary forest,8.385035514831543,5.134666919708252,12.156381607055664,0.20656403272531548,0
2,IDN1022,IDN1047,NA,NA,NA,Secondary forest,1.5117312669754028,1.8354988098144531,1.9813439846038818,0.037241262288161374,0
2,TLS1004,TLS1050,NA,NA,NA,Secondary forest,3.6646769046783447,0,0,0.011951535349862498,0
2,TLS1003,TLS1050,NA,NA,NA,Secondary forest,116.08415985107422,156.7173614501953,234.3109588623047,0.12105091761873983,0
2,TLS1002,TLS1050,NA,NA,NA,Primary forest,21.508066177368164,46.428916931152344,46.428916931152344,0.045317672128183405,0
2,TLS1002,TLS1050,NA,NA,NA,Secondary forest,108.47093963623047,217.96295166015625,217.99049377441406,0.2285491609209922,0
2,TLS1001,TLS1059,NA,NA,NA,Primary forest,2.044699649559334e-4,0,0.0018728761933743954,3.089016851074311e-8,0
2,TLS1001,TLS1059,NA,NA,NA,Secondary forest,52.87288284301758,0,546.05859375,0.007987736785799242,0
2,TLS1001,TLS1059,NA,NA,NA,Grassland,13.320290565490723,0,111.81588745117187,0.002012354334137768,0
2,TLS1001,TLS1060,NA,NA,NA,Primary forest,12.783472061157227,0,98.229949951171875,0.002709421298124075,0
2,TLS1001,TLS1060,NA,NA,NA,Secondary forest,23.263656616210938,85.4326171875,281.8917236328125,0.004930667224574125,0
2,IDN1005,IDN1060,NA,NA,NA,Primary forest,1.1384482383728027,0.7866999506950378,1.0231374502182007,0.7038611586329047,0
2,IDN1005,IDN1060,NA,NA,NA,Secondary forest,0.6432433724403381,0.45215508341789246,0.5942632555961609,0.3976939927070553,0
2,IDN1002,IDN1065,NA,NA,NA,Primary forest,0.4232749342918396,2.763603448867798,2.763603448867798,0.0013413423485118862,0
2,IDN1002,IDN1065,NA,NA,NA,Secondary forest,9.508426666259766,10.476751327514648,10.476751327514648,0.030131846518415033,0
3,IDN1029,IDN1041,IDN1067,NA,NA,Primary forest,1.081540822982788,0.6269155144691467,0.6269155144691467,1.1041192322637552,0
3,IDN1029,IDN1041,IDN1067,NA,NA,Secondary forest,0.6556437015533447,0.35263413190841675,0.35263413190841675,0.6693310183162324,0
2,IDN1065,IDN1068,NA,NA,NA,Secondary forest,9.7957763671875,19.877328872680664,19.877328872680664,0.49280908294400694,0
2,SUR1002,SUR1003,NA,NA,NA,Primary forest,0.5510204434394836,0.4453977048397064,0.4453977048397064,1.2371463091378763,0
2,GUY1007,GUY1023,NA,NA,NA,Primary forest,0.2204539179801941,0.25747689604759216,0.32740074396133423,0.1444238593499417,0
2,GUY1007,GUY1023,NA,NA,NA,Secondary forest,0.09145219624042511,0.11752442270517349,0.17756105959415436,0.05991219955663042,0
2,GUY1007,GUY1023,NA,NA,NA,Grassland,0.04837450757622719,0.14433123171329498,0.1953619420528412,0.03169112684556324,0
2,GUY1020,GUY1024,NA,NA,NA,Primary forest,0.16422170400619507,0.16311317682266235,0.16311317682266235,0.02812404034124161,0
2,GUY1020,GUY1024,NA,NA,NA,Secondary forest,1.8341282606124878,0,0,0.3141064544704213,0
2,BRA1076,BRA1078,NA,NA,NA,Secondary forest,0.052275534719228745,0,0,0.001185051965154275,0
2,BRA1076,BRA1078,NA,NA,NA,Grassland,0.16069860756397247,0,0,0.0036429316641918962,0
2,BRA1077,BRA1078,NA,NA,NA,Grassland,0.0020871837623417377,0.01010457705706358,0.01010457705706358,1.85407277074566e-5,0
2,BRA1076,BRA1080,NA,NA,NA,Primary forest,0.023130949586629868,0,0,1.511239289083596e-4,0
2,BRA1076,BRA1080,NA,NA,NA,Secondary forest,0.5136388540267944,0,0,0.0033558121498558895,0
2,BRA1076,BRA1080,NA,NA,NA,Grassland,3.225989818572998,0,51.49227523803711,0.021076707386147087,0
2,BRA1078,BRA1082,NA,NA,NA,Primary forest,17.984827041625977,0,140.2818145751953,1.1096965432581861e-4,0
2,BRA1078,BRA1082,NA,NA,NA,Secondary forest,51.779170989990234,0,258.03173828125,3.194869037515744e-4,0
2,BRA1078,BRA1082,NA,NA,NA,Grassland,207.2487335205078,16.00701332092285,1981.1348876953125,0.001278762384814973,0
3,BRA1078,BRA1081,BRA1082,NA,NA,Primary forest,0.059586767107248306,0,0,1.681999472197589e-6,0
3,BRA1078,BRA1081,BRA1082,NA,NA,Secondary forest,5.111754417419434,0,0,1.442932491475494e-4,0
3,BRA1078,BRA1081,BRA1082,NA,NA,Grassland,120.00018310546875,38.510948181152344,634.71734619140625,0.003387333370238508,0
2,BRA1081,BRA1082,NA,NA,NA,Primary forest,144.56202697753906,97.45982360839844,1457.7169189453125,1.3016812512133309e-4,0
2,BRA1081,BRA1082,NA,NA,NA,Secondary forest,3864.316162109375,2339.890869140625,38073.3359375,0.003479549922027565,0
2,BRA1081,BRA1082,NA,NA,NA,Grassland,9042.087890625,14485.115234375,80536.9453125,0.00814177590417875,0
2,BRA1081,BRA1082,NA,NA,NA,Wetlands,16.69643211364746,97.61113739013672,97.61113739013672,1.5033984441756506e-5,0
2,BRA1080,BRA1083,NA,NA,NA,Primary forest,0.9001508355140686,0,0,1.0619389125857538e-4,0
2,BRA1080,BRA1083,NA,NA,NA,Secondary forest,22.935222625732422,0,115.7825698852539,0.002705747127499256,0
2,BRA1080,BRA1083,NA,NA,NA,Grassland,92.8311996459961,62.28697967529297,934.82122802734375,0.010951616031084533,0
2,BRA1082,BRA1086,NA,NA,NA,Primary forest,0.4113779067993164,0,3.408839225769043,0.009899474926949798,0
2,BRA1082,BRA1086,NA,NA,NA,Secondary forest,2.4456913471221924,0,27.336318969726562,0.05885357421905782,0
2,BRA1082,BRA1086,NA,NA,NA,Grassland,0.49574345350265503,0,6.846508026123047,0.011929663229443005,0
2,BRA1082,BRA1090,NA,NA,NA,Grassland,30.532258987426758,63.34438705444336,333.3926086425781,0.013108558109720133,0
2,BRA1028,BRA1091,NA,NA,NA,Primary forest,39211.64453125,65538.2421875,89058.71875,0.3995996788077615,0
2,BRA1028,BRA1091,NA,NA,NA,Secondary forest,2482.69287109375,3815.742431640625,5385.30322265625,0.02530073108963165,0
2,BRA1028,BRA1091,NA,NA,NA,Grassland,78.03437042236328,0,183.00088500976562,7.952359491551324e-4,0
2,BRA1035,BRA1091,NA,NA,NA,Primary forest,49354.375,74769.578125,97860.796875,0.4879137961597792,0
2,BRA1001,BRA1091,NA,NA,NA,Primary forest,102.3064956665039,111.17915344238281,176.01123046875,0.27066413952293494,0
2,BRA1001,BRA1091,NA,NA,NA,Secondary forest,40.070682525634766,0,133.91490173339844,0.10601181024958732,0
2,BRA1026,BRA1091,NA,NA,NA,Primary forest,256065.609375,249999.25,293330.375,0.8513062652426878,0
2,BRA1026,BRA1091,NA,NA,NA,Secondary forest,1838.414794921875,1944.4539794921875,2588.973876953125,0.006111925911690355,0
2,BRA1026,BRA1091,NA,NA,NA,Grassland,113.68738555908203,91.030914306640625,91.030914306640625,3.779608821416244e-4,0
2,BRA1026,BRA1091,NA,NA,NA,Mangroves,6.508034706115723,6.798534393310547,6.798534393310547,2.163637176134625e-5,6.508034706115723
3,NCL1013,NCL1016,NCL1017,NA,NA,Salt marsh,10.79681396484375,7.321285724639893,7.321285724639893,1.2805352984002292,10.79681396484375
3,NCL1013,NCL1016,NCL1017,NA,NA,Seagrass,1.2563220262527466,1.1101164817810059,1.1101164817810059,0.14900365107824873,1.2563220262527466
3,NCL1013,NCL1015,NCL1017,NA,NA,Mangroves,0.008613449521362782,0.014139918610453606,0.014139918610453606,9.15495901668708e-4,0.008613449521362782
3,NCL1013,NCL1015,NCL1017,NA,NA,Salt marsh,0.26619651913642883,0.2612285315990448,0.2612285315990448,0.02829317356576544,0.26619651913642883
3,NCL1013,NCL1014,NCL1017,NA,NA,Grassland,5.087131023406982,9.562765121459961,9.562765121459961,0.5319765761600221,0
2,CRI1008,CRI1012,NA,NA,NA,Primary forest,103.23871612548828,233.44818115234375,345.75592041015625,0.0052615377673186315,0
2,CRI1008,CRI1012,NA,NA,NA,Secondary forest,176.53671264648437,383.5643005371094,646.65643310546875,0.008997153546337374,0
2,CRI1008,CRI1012,NA,NA,NA,Grassland,151.02444458007812,214.0070343017578,215.2852325439453,0.007696926586926232,0
4,CRI1001,CRI1006,CRI1010,CRI1012,NA,Secondary forest,3.4180431365966797,2.6644845008850098,2.6644845008850098,0.9979167666349616,0
4,CRI1001,CRI1006,CRI1010,CRI1012,NA,Grassland,0.16404084861278534,0.09627803415060043,0.09627803415060043,0.047892641111229504,0
3,CRI1001,CRI1010,CRI1012,NA,NA,Secondary forest,2.634735584259033,1.7678686380386353,1.7678686380386353,0.9443687894493071,0
2,CRI1010,CRI1012,NA,NA,NA,Primary forest,270.7433776855469,176.09571838378906,176.09571838378906,0.2012346894097624,0
2,CRI1010,CRI1012,NA,NA,NA,Secondary forest,293.0570983886719,149.25949096679687,149.25949096679687,0.21781974753253122,0
2,CRI1010,CRI1012,NA,NA,NA,Grassland,33.35186767578125,19.251903533935547,19.251903533935547,0.024789351415887347,0
2,CRI1006,CRI1012,NA,NA,NA,Primary forest,112.80371856689453,74.7001953125,74.7001953125,0.10040486551679104,0
2,CRI1006,CRI1012,NA,NA,NA,Secondary forest,1007.9041137695312,565.94805908203125,578.35040283203125,0.8971200442903645,0
2,CRI1006,CRI1012,NA,NA,NA,Grassland,242.22805786132812,161.52145385742187,171.73443603515625,0.21560349147122693,0
2,CRI1006,CRI1012,NA,NA,NA,Wetlands,8.054821014404297,4.6596856117248535,4.6596856117248535,0.007169473054502961,0
2,CRI1007,CRI1012,NA,NA,NA,Secondary forest,52.6961784362793,44.85525131225586,70.9131088256836,0.08724881769731757,0
3,CRI1006,CRI1007,CRI1012,NA,NA,Secondary forest,3.6074399948120117,2.9971871376037598,4.619547367095947,0.2688945569182143,0
2,ECU1011,ECU1032,NA,NA,NA,Primary forest,11.171343803405762,23.753522872924805,32.50109100341797,0.054719138431355584,0
2,ECU1011,ECU1032,NA,NA,NA,Secondary forest,3.070465564727783,0,16.17992401123047,0.015039661587877052,0
2,ECU1009,ECU1032,NA,NA,NA,Secondary forest,2.926232411937235e-7,0,0,3.319143957538187e-8,0
2,ECU1009,ECU1032,NA,NA,NA,Grassland,0.4484592378139496,0,2.4965388774871826,0.05086748281921082,0
2,MDG1074,MDG1075,NA,NA,NA,Secondary forest,4.724700927734375,3.4673287868499756,3.4673287868499756,0.06660835649583764,0
2,MDG1074,MDG1075,NA,NA,NA,Grassland,9.900312423706055,6.908580303192139,9.053400993347168,0.13957360464180846,0
2,MDG1074,MDG1075,NA,NA,NA,Wetlands,5.752063751220703,3.1684176921844482,8.157739639282227,0.08109201382018857,0
2,MDG1074,MDG1075,NA,NA,NA,Mangroves,7.649416923522949,5.513038158416748,5.513038158416748,0.10784070721522616,7.649416923522949
2,MEX1006,MEX1022,NA,NA,NA,Primary forest,0.06444625556468964,0,0.7693642377853394,0.01984712761729356,0
2,MEX1006,MEX1022,NA,NA,NA,Secondary forest,0.0035919498186558485,0,0,0.0011061912879363172,0
2,ZAF1012,ZAF1013,NA,NA,NA,Grassland,0.0018186054658144712,0,0,0.0033378763185530473,0
2,ZAF1041,ZAF1042,NA,NA,NA,Secondary forest,0.9394152760505676,0,0,0.004557325424680143,0
2,ZAF1041,ZAF1042,NA,NA,NA,Grassland,0.8298032879829407,0,24.275651931762695,0.004025571776633819,0
2,ZAF1044,ZAF1045,NA,NA,NA,Grassland,0.022288812324404716,0,0,4.455968255764724e-5,0
2,MEX1004,MEX1023,NA,NA,NA,Primary forest,18.632938385009766,94.93359375,285.2845153808594,0.002438979440668089,0
2,MEX1004,MEX1023,NA,NA,NA,Secondary forest,6.742641448974609,0,66.86119079589844,8.825856410857737e-4,0
2,KHM1049,KHM1114,NA,NA,NA,Secondary forest,0.753667414188385,2.612483024597168,2.612483024597168,0.09304661435491518,0
2,KHM1039,KHM1117,NA,NA,NA,Primary forest,60.63999557495117,140.84324645996094,256.8919677734375,0.019354152507911684,0
2,KHM1039,KHM1117,NA,NA,NA,Secondary forest,53.55511474609375,96.7667007446289,216.89833068847656,0.01709290788277639,0
2,KHM1039,KHM1117,NA,NA,NA,Grassland,390.86236572265625,807.86651611328125,1527.1385498046875,0.1247495116725284,0
2,KHM1071,KHM1117,NA,NA,NA,Primary forest,162.5405731201172,233.5027313232422,233.5027313232422,0.3214282954691466,0
2,KHM1071,KHM1117,NA,NA,NA,Secondary forest,169.1907501220703,269.4078369140625,272.185546875,0.3345791969165425,0
2,KHM1054,KHM1117,NA,NA,NA,Secondary forest,0.20213022828102112,0,0,8.650879491006607e-5,0
2,KHM1054,KHM1117,NA,NA,NA,Grassland,6.726443290710449,0,96.781494140625,0.0028788197987945226,0
2,KHM1067,KHM1117,NA,NA,NA,Primary forest,570.75518798828125,1337.397705078125,1818.7330322265625,0.21317594241780252,0
2,KHM1067,KHM1117,NA,NA,NA,Secondary forest,180.27877807617188,180.62957763671875,717.53985595703125,0.06733376975472517,0
2,KHM1067,KHM1117,NA,NA,NA,Grassland,37.133155822753906,88.78997802734375,107.89642333984375,0.013869160813699348,0
2,KHM1056,KHM1117,NA,NA,NA,Primary forest,478.6136779785156,1250.2869873046875,1524.8489990234375,0.21103013005515042,0
2,KHM1056,KHM1117,NA,NA,NA,Secondary forest,151.87249755859375,535.7967529296875,547.66619873046875,0.0669635540859516,0
2,KHM1056,KHM1117,NA,NA,NA,Grassland,26.60428237915039,101.9886245727539,101.9886245727539,0.011730348355710955,0
2,KHM1053,KHM1117,NA,NA,NA,Secondary forest,5.763800144195557,0,96.64282989501953,0.002630457882354248,0
2,KHM1053,KHM1117,NA,NA,NA,Grassland,59.80628204345703,0,700.3402099609375,0.027294129234154675,0
2,KHM1038,KHM1117,NA,NA,NA,Primary forest,9.396329879760742,74.098876953125,74.098876953125,0.01377117825750171,0
2,KHM1038,KHM1117,NA,NA,NA,Secondary forest,64.954620361328125,2.2163422107696533,436.8451232910156,0.09519691912593604,0
2,KHM1038,KHM1117,NA,NA,NA,Grassland,2.4539034366607666,0,0,0.0035964192493646192,0
2,KHM1051,KHM1117,NA,NA,NA,Primary forest,85.2218246459961,151.14659118652344,283.28857421875,0.07633264972572565,0
2,KHM1051,KHM1117,NA,NA,NA,Secondary forest,91.48130798339844,95.1357421875,256.2878112792969,0.08193922939053216,0
2,KHM1055,KHM1117,NA,NA,NA,Primary forest,85.35333251953125,0,445.7735595703125,0.11706072141914085,0
2,KHM1055,KHM1117,NA,NA,NA,Secondary forest,34.44528579711914,147.69923400878906,147.82005310058594,0.04724115492475439,0
2,KHM1055,KHM1117,NA,NA,NA,Grassland,26.13312530517578,0,94.10163116455078,0.03584116063026197,0
2,KHM1037,KHM1117,NA,NA,NA,Primary forest,61.66258239746094,138.97103881835937,469.8608703613281,0.04251280722903603,0
2,KHM1037,KHM1117,NA,NA,NA,Secondary forest,52.64813995361328,41.22758483886719,344.51239013671875,0.03629786716340044,0
2,KHM1037,KHM1117,NA,NA,NA,Grassland,2.2343099117279053,19.176517486572266,19.296443939208984,0.0015404282933684625,0
2,KHM1052,KHM1117,NA,NA,NA,Primary forest,132.65785217285156,233.37548828125,734.33270263671875,0.09827966398533883,0
2,KHM1052,KHM1117,NA,NA,NA,Secondary forest,67.91661071777344,5.841904640197754,323.43548583984375,0.05031606927925099,0
2,KHM1052,KHM1117,NA,NA,NA,Grassland,19.72545623779297,0.11945027858018875,122.49125671386719,0.014613618261222955,0
2,KHM1047,KHM1117,NA,NA,NA,Primary forest,487.3251037597656,698.99896240234375,1132.2757568359375,0.36383108203048325,0
2,KHM1047,KHM1117,NA,NA,NA,Secondary forest,58.700103759765625,159.14923095703125,159.62640380859375,0.043824793964944986,0
2,KHM1047,KHM1117,NA,NA,NA,Grassland,8.291594505310059,0,40.198543548583984,0.006190405085538372,0
2,KHM1014,KHM1118,NA,NA,NA,Wetlands,1.3983794450759888,3.82379150390625,3.82379150390625,0.3657046845311043,0
2,KHM1014,KHM1119,NA,NA,NA,Wetlands,13.744662284851074,16.45709228515625,16.45709228515625,0.8351855474879146,0
2,KHM1020,KHM1121,NA,NA,NA,Grassland,1.8413655757904053,0,2.8965351581573486,0.23839182730534383,0
2,KHM1020,KHM1121,NA,NA,NA,Wetlands,3.5118749141693115,4.827524185180664,4.827524185180664,0.45466380444157645,0
2,KHM1030,KHM1123,NA,NA,NA,Wetlands,4.894841194152832,5.708925247192383,5.708925247192383,0.8574003763160987,0
4,MDG1004,MDG1013,MDG1028,MDG1088,NA,Primary forest,0.5192750692367554,0.8020452857017517,1.7812694311141968,0.29151543356880927,0
3,MDG1005,MDG1013,MDG1089,NA,NA,Secondary forest,0.2085857093334198,0.5089345574378967,0.5089345574378967,0.4098378816684805,0
3,MDG1006,MDG1013,MDG1090,NA,NA,Secondary forest,0.0043230848386883736,0,0.13219435513019562,0.011858539774285613,0
3,MDG1006,MDG1013,MDG1090,NA,NA,Grassland,8.060830441536382e-5,0,0,2.2111450959572983e-4,0
3,MDG1010,MDG1013,MDG1093,NA,NA,Primary forest,0.45151376724243164,0,1.5425310134887695,0.2927138806370899,0
2,MDG1013,MDG1095,NA,NA,NA,Secondary forest,0.023385461419820786,0,0.715097188949585,0.032701771708717985,0
2,MDG1019,MDG1096,NA,NA,NA,Secondary forest,0.274687260389328,0,0.7704821825027466,0.35651014008748816,0
2,MDG1013,MDG1098,NA,NA,NA,Secondary forest,0.24378208816051483,0,1.065177321434021,0.22887040007773046,0
2,MDG1075,MDG1100,NA,NA,NA,Secondary forest,0.07356331497430801,0.06443649530410767,0.06443649530410767,0.02949003328490394,0
2,MDG1075,MDG1101,NA,NA,NA,Grassland,7.97315442468971e-4,0,0,2.102797135899583e-4,0
2,MDG1074,MDG1105,NA,NA,NA,Grassland,0.004584915935993195,0,0,2.4190348832452146e-4,0
2,COL1007,COL1076,NA,NA,NA,Primary forest,5.146149158477783,4.627282619476318,4.627282619476318,0.006260930887254821,0
2,COL1007,COL1076,NA,NA,NA,Secondary forest,0.812661349773407,0,4.171846866607666,9.887036673417253e-4,0
2,COL1007,COL1076,NA,NA,NA,Grassland,67.40677642822266,91.07317352294922,91.07317352294922,0.08200873226818294,0
2,COL1007,COL1076,NA,NA,NA,Wetlands,18.91730308532715,34.793128967285156,39.64561080932617,0.02301525345322868,0
2,COL1006,COL1076,NA,NA,NA,Grassland,3.7439193725585938,0,0,0.01067325762740702,0
2,COL1003,COL1079,NA,NA,NA,Grassland,0.12497512251138687,0.040288202464580536,0.040288202464580536,0.002740098907815419,0
2,COL1003,COL1079,NA,NA,NA,Wetlands,11.633021354675293,4.416896820068359,4.416896820068359,0.25505579404921114,0
2,COL1003,COL1079,NA,NA,NA,Mangroves,54.30707931518555,29.693248748779297,29.693248748779297,1.1906911209839142,54.30707931518555
3,COL1103,COL1141,COL1144,NA,NA,Secondary forest,0.002860592445358634,0,0,0.003221569802631771,0
3,COL1119,COL1123,COL1150,NA,NA,Secondary forest,0.04323404282331467,0,0,0.052362272175905965,0
2,COL1086,COL1154,NA,NA,NA,Secondary forest,0.03682296723127365,0,0,0.03615761485592979,0
2,COL1109,COL1155,NA,NA,NA,Secondary forest,0.03682296350598335,0,0,0.036157591976748546,0
2,COL1115,COL1156,NA,NA,NA,Secondary forest,0.06240617483854294,0,0,0.06127853375343783,0
2,COL1117,COL1157,NA,NA,NA,Secondary forest,0.129861980676651,0,0,0.12751545905405318,0
2,COL1152,COL1158,NA,NA,NA,Secondary forest,0.1386030912399292,0,0,0.13609857815984824,0
3,COL1163,COL1164,COL1165,NA,NA,Secondary forest,0.12279989570379257,0,0.5173787474632263,0.237350220545768,0
2,COL1183,COL1189,NA,NA,NA,Primary forest,0.283664733171463,0.9831852316856384,0.9831852316856384,0.28851618155754577,0
5,COL1159,COL1163,COL1164,COL1165,COL1192,Secondary forest,0.11891787499189377,0,0.5010230541229248,0.2373501891121914,0
2,COL1160,COL1193,NA,NA,NA,Secondary forest,0.058209456503391266,0,0.5010234713554382,0.11618119653642228,0
2,COL1161,COL1194,NA,NA,NA,Secondary forest,0.07978961616754532,0,0.5010227560997009,0.15925338478778206,0
2,COL1200,COL1202,NA,NA,NA,Secondary forest,0.276065468788147,0,0,0.13753160216745944,0
2,COL1201,COL1203,NA,NA,NA,Secondary forest,0.021377261728048325,0,0,0.010649823543541138,0
2,COL1260,COL1289,NA,NA,NA,Secondary forest,0.0616891011595726,0.17381134629249573,0.17381134629249573,0.2260865905543509,0
2,COL1012,COL1315,NA,NA,NA,Secondary forest,0.03914234787225723,0,0.5376601815223694,0.045487380634424944,0
2,COL1326,COL1328,NA,NA,NA,Secondary forest,0.7552673816680908,0,4.507800579071045,0.1675466568424964,0
2,COL1327,COL1331,NA,NA,NA,Secondary forest,0.011540110222995281,0,0,0.004400530018343854,0
2,KEN1005,KEN1006,NA,NA,NA,Grassland,465.39447021484375,758.86181640625,2497.04150390625,0.12510081123099356,0
2,KEN1005,KEN1006,NA,NA,NA,Wetlands,47.83660888671875,45.07775115966797,280.17913818359375,0.012858765974390812,0
2,KEN1002,KEN1006,NA,NA,NA,Grassland,91.064605712890625,0,1740.15283203125,0.03508898321776538,0
2,KEN1002,KEN1006,NA,NA,NA,Wetlands,166.11685180664062,239.35655212402344,855.103515625,0.06400808941740278,0
2,KEN1003,KEN1006,NA,NA,NA,Secondary forest,1.6004796028137207,0,0,8.760556999290037e-4,0
2,KEN1003,KEN1006,NA,NA,NA,Grassland,120.73934173583984,214.1448516845703,1644.724853515625,0.06608918248467636,0
2,KEN1004,KEN1006,NA,NA,NA,Grassland,711.4691162109375,413.0067443847656,3354.27734375,0.21191604569028508,0
